rq_time,start,end,request_id
22260,7098,2944,1
33300,2944,7098,2
26880,7068,2944,3
38700,2944,7068,4
41940,7118,2944,5
54000,2944,7118,6
23040,7121,2944,7
39600,2944,7121,8
34440,2375,2944,9
41400,2944,2375,10
52440,2375,2944,11
59400,2944,2375,12
53340,2375,2944,13
60300,2944,2375,14
42540,2375,2944,15
49500,2944,2375,16
54240,2375,2944,17
61200,2944,2375,18
56160,2379,2944,19
63000,2944,2379,20
56160,2379,2944,21
63000,2944,2379,22
38160,2379,2944,23
45000,2944,2379,24
43560,2379,2944,25
50400,2944,2379,26
30060,2379,2944,27
36900,2944,2379,28
56460,2382,2944,29
63000,2944,2382,30
52860,2382,2944,31
59400,2944,2382,32
27660,2382,2944,33
34200,2944,2382,34
48360,2382,2944,35
54900,2944,2382,36
29460,2382,2944,37
36000,2944,2382,38
25680,2366,2944,39
33300,2944,2366,40
40980,2366,2944,41
48600,2944,2366,42
29340,2370,2944,43
36900,2944,2370,44
55440,2370,2944,45
63000,2944,2370,46
41040,2370,2944,47
48600,2944,2370,48
43260,7193,2944,49
57600,2944,7193,50
41040,10862,2944,51
49500,2944,10862,52
45540,10862,2944,53
54000,2944,10862,54
49320,9495,2944,55
57600,2944,9495,56
46620,9495,2944,57
54900,2944,9495,58
47520,9495,2944,59
55800,2944,9495,60
29520,9495,2944,61
37800,2944,9495,62
50280,9491,2944,63
59400,2944,9491,64
26340,11126,2944,65
40500,2944,11126,66
28680,11210,2944,67
45000,2944,11210,68
39600,5442,2944,69
49500,2944,5442,70
42900,2529,2944,71
54000,2944,2529,72
27000,2494,2944,73
36900,2944,2494,74
32340,10756,2944,75
38700,2944,10756,76
35040,10756,2944,77
41400,2944,10756,78
45840,10756,2944,79
52200,2944,10756,80
36840,10756,2944,81
43200,2944,10756,82
45840,10756,2944,83
52200,2944,10756,84
43320,9596,2944,85
49500,2944,9596,86
31620,9596,2944,87
37800,2944,9596,88
43320,9596,2944,89
49500,2944,9596,90
54120,9596,2944,91
60300,2944,9596,92
47820,9596,2944,93
54000,2944,9596,94
39720,9596,2944,95
45900,2944,9596,96
51420,9596,2944,97
57600,2944,9596,98
51420,9596,2944,99
57600,2944,9596,100
49620,9596,2944,101
55800,2944,9596,102
33420,9596,2944,103
39600,2944,9596,104
39720,9596,2944,105
45900,2944,9596,106
32760,9574,2944,107
39600,2944,9574,108
29160,9574,2944,109
36000,2944,9574,110
37260,9574,2944,111
44100,2944,9574,112
53460,9574,2944,113
60300,2944,9574,114
49680,9638,2944,115
56700,2944,9638,116
54180,9638,2944,117
61200,2944,9638,118
42480,9638,2944,119
49500,2944,9638,120
51480,9638,2944,121
58500,2944,9638,122
31680,9638,2944,123
38700,2944,9638,124
54900,10948,2944,125
62100,2944,10948,126
27000,10948,2944,127
34200,2944,10948,128
44100,10948,2944,129
51300,2944,10948,130
39180,9601,2944,131
46800,2944,9601,132
27480,9601,2944,133
35100,2944,9601,134
34680,9601,2944,135
42300,2944,9601,136
53580,9601,2944,137
61200,2944,9601,138
28380,9613,2944,139
41400,2944,9613,140
38040,9513,2944,141
51300,2944,9513,142
51120,9309,2944,143
58500,2944,9309,144
53820,9309,2944,145
61200,2944,9309,146
41040,7264,2944,147
48600,2944,7264,148
37440,7264,2944,149
45000,2944,7264,150
33120,7239,2944,151
40500,2944,7239,152
50040,7228,2944,153
57600,2944,7228,154
31080,7255,2944,155
38700,2944,7255,156
24960,7225,2944,157
33300,2944,7225,158
28260,7262,2944,159
36900,2944,7262,160
48960,7262,2944,161
57600,2944,7262,162
48720,9674,2944,163
58500,2944,9674,164
28020,9674,2944,165
37800,2944,9674,166
33420,9674,2944,167
43200,2944,9674,168
53160,11221,2944,169
63900,2944,11221,170
28200,11219,2944,171
41400,2944,11219,172
51780,11225,2944,173
63900,2944,11225,174
34920,11239,2944,175
46800,2944,11239,176
25800,7278,2944,177
39600,2944,7278,178
43500,7277,2944,179
57600,2944,7277,180
39240,2644,2944,181
49500,2944,2644,182
27780,7310,2944,183
42300,2944,7310,184
25140,2794,2944,185
36000,2944,2794,186
29040,10701,2944,187
39600,2944,10701,188
36840,9815,2944,189
47700,2944,9815,190
23040,9779,2944,191
34200,2944,9779,192
34080,9811,2944,193
45900,2944,9811,194
26280,9786,2944,195
38700,2944,9786,196
31440,7365,2944,197
40500,2944,7365,198
52500,7368,2944,199
63000,2944,7368,200
34860,7372,2944,201
44100,2944,7372,202
38580,7369,2944,203
48600,2944,7369,204
37680,7369,2944,205
47700,2944,7369,206
28260,7343,2944,207
38700,2944,7343,208
44700,9874,2944,209
51300,2944,9874,210
33900,9874,2944,211
40500,2944,9874,212
41100,9874,2944,213
47700,2944,9874,214
42000,9874,2944,215
48600,2944,9874,216
36600,9874,2944,217
43200,2944,9874,218
52680,9849,2944,219
59400,2944,9849,220
53580,9849,2944,221
60300,2944,9849,222
50880,9849,2944,223
57600,2944,9849,224
40980,9849,2944,225
47700,2944,9849,226
45480,9849,2944,227
52200,2944,9849,228
37380,9849,2944,229
44100,2944,9849,230
46380,9849,2944,231
53100,2944,9849,232
46200,10773,2944,233
53100,2944,10773,234
32700,10773,2944,235
39600,2944,10773,236
28440,9864,2944,237
35100,2944,9864,238
53640,9864,2944,239
60300,2944,9864,240
42840,9864,2944,241
49500,2944,9864,242
30240,9864,2944,243
36900,2944,9864,244
50100,10907,2944,245
56700,2944,10907,246
57300,10907,2944,247
63900,2944,10907,248
30300,10907,2944,249
36900,2944,10907,250
35700,10907,2944,251
42300,2944,10907,252
46380,9835,2944,253
53100,2944,9835,254
34680,9835,2944,255
41400,2944,9835,256
43560,9872,2944,257
51300,2944,9872,258
51660,9872,2944,259
59400,2944,9872,260
47160,9872,2944,261
54900,2944,9872,262
27360,9872,2944,263
35100,2944,9872,264
40980,9877,2944,265
47700,2944,9877,266
49080,9877,2944,267
55800,2944,9877,268
28380,9877,2944,269
35100,2944,9877,270
49080,9877,2944,271
55800,2944,9877,272
53820,9863,2944,273
60300,2944,9863,274
46620,9863,2944,275
53100,2944,9863,276
46620,9863,2944,277
53100,2944,9863,278
56520,9863,2944,279
63000,2944,9863,280
25920,9863,2944,281
32400,2944,9863,282
56520,9863,2944,283
63000,2944,9863,284
48420,9863,2944,285
54900,2944,9863,286
21900,11265,2944,287
33300,2944,11265,288
31500,11246,2944,289
43200,2944,11246,290
23760,7385,2944,291
36900,2944,7385,292
17460,8812,2944,293
32400,2944,8812,294
44820,7456,2944,295
59400,2944,7456,296
42360,9986,2944,297
54000,2944,9986,298
54360,11289,2944,299
63900,2944,11289,300
35580,9907,2944,301
44100,2944,9907,302
30180,9907,2944,303
38700,2944,9907,304
45480,9907,2944,305
54000,2944,9907,306
40080,9907,2944,307
48600,2944,9907,308
32880,9907,2944,309
41400,2944,9907,310
48180,9907,2944,311
56700,2944,9907,312
46440,11298,2944,313
54900,2944,11298,314
53640,11298,2944,315
62100,2944,11298,316
34740,11298,2944,317
43200,2944,11298,318
55440,11298,2944,319
63900,2944,11298,320
54660,11293,2944,321
63900,2944,11293,322
39180,3023,2944,323
44100,2944,3023,324
42840,2831,2944,325
47700,2944,2831,326
40140,2831,2944,327
45000,2944,2831,328
29340,2831,2944,329
34200,2944,2831,330
47220,2961,2944,331
52200,2944,2961,332
54420,10118,2944,333
59400,2944,10118,334
50880,10834,2944,335
55800,2944,10834,336
31080,10834,2944,337
36000,2944,10834,338
32100,3007,2944,339
36900,2944,3007,340
33900,3007,2944,341
38700,2944,3007,342
52800,3007,2944,343
57600,2944,3007,344
34800,3007,2944,345
39600,2944,3007,346
32100,3007,2944,347
36900,2944,3007,348
55500,3007,2944,349
60300,2944,3007,350
54600,3007,2944,351
59400,2944,3007,352
38400,3007,2944,353
43200,2944,3007,354
44820,3007,2944,355
49500,2944,3007,356
32220,3007,2944,357
36900,2944,3007,358
53820,3007,2944,359
58500,2944,3007,360
38520,3007,2944,361
43200,2944,3007,362
57420,3007,2944,363
62100,2944,3007,364
39420,3007,2944,365
44100,2944,3007,366
49320,3007,2944,367
54000,2944,3007,368
40320,3007,2944,369
45000,2944,3007,370
40500,2944,2944,371
45000,2944,2944,372
31500,2944,2944,373
36000,2944,2944,374
46800,2944,2944,375
51300,2944,2944,376
41400,2944,2944,377
45900,2944,2944,378
49500,2944,2944,379
54000,2944,2944,380
41400,2944,2944,381
45900,2944,2944,382
43200,2944,2944,383
47700,2944,2944,384
34200,2944,2944,385
38700,2944,2944,386
31500,2944,2944,387
36000,2944,2944,388
30600,2944,2944,389
35100,2944,2944,390
51300,2944,2944,391
55800,2944,2944,392
36000,2944,2944,393
40500,2944,2944,394
55800,2944,2944,395
60300,2944,2944,396
45000,2944,2944,397
49500,2944,2944,398
31500,2944,2944,399
36000,2944,2944,400
45660,2947,2944,401
50400,2944,2947,402
37560,2947,2944,403
42300,2944,2947,404
59160,2947,2944,405
63900,2944,2947,406
55560,2947,2944,407
60300,2944,2947,408
54660,2947,2944,409
59400,2944,2947,410
33960,2947,2944,411
38700,2944,2947,412
56460,2947,2944,413
61200,2944,2947,414
57300,3028,2944,415
62100,2944,3028,416
41100,3028,2944,417
45900,2944,3028,418
46500,3028,2944,419
51300,2944,3028,420
40200,3028,2944,421
45000,2944,3028,422
57300,3028,2944,423
62100,2944,3028,424
41100,3028,2944,425
45900,2944,3028,426
53700,3028,2944,427
58500,2944,3028,428
54600,3028,2944,429
59400,2944,3028,430
43800,3028,2944,431
48600,2944,3028,432
38400,3028,2944,433
43200,2944,3028,434
30300,3028,2944,435
35100,2944,3028,436
30120,2979,2944,437
35100,2944,2979,438
28260,2911,2944,439
33300,2944,2911,440
39060,2911,2944,441
44100,2944,2911,442
41700,10119,2944,443
46800,2944,10119,444
29100,10119,2944,445
34200,2944,10119,446
32700,10119,2944,447
37800,2944,10119,448
41700,10119,2944,449
46800,2944,10119,450
54300,10119,2944,451
59400,2944,10119,452
28200,10119,2944,453
33300,2944,10119,454
31800,10119,2944,455
36900,2944,10119,456
39000,10119,2944,457
44100,2944,10119,458
38100,10119,2944,459
43200,2944,10119,460
51600,10119,2944,461
56700,2944,10119,462
57000,10119,2944,463
62100,2944,10119,464
34380,10047,2944,465
39600,2944,10047,466
40680,10047,2944,467
45900,2944,10047,468
57780,10047,2944,469
63000,2944,10047,470
37980,10047,2944,471
43200,2944,10047,472
45180,10047,2944,473
50400,2944,10047,474
50580,10047,2944,475
55800,2944,10047,476
52380,10047,2944,477
57600,2944,10047,478
47880,10047,2944,479
53100,2944,10047,480
35280,10047,2944,481
40500,2944,10047,482
36300,10060,2944,483
41400,2944,10060,484
38100,10060,2944,485
43200,2944,10060,486
28200,10060,2944,487
33300,2944,10060,488
34500,10060,2944,489
39600,2944,10060,490
34500,10060,2944,491
39600,2944,10060,492
32700,10060,2944,493
37800,2944,10060,494
33600,10060,2944,495
38700,2944,10060,496
56100,10060,2944,497
61200,2944,10060,498
38100,10060,2944,499
43200,2944,10060,500
47100,10060,2944,501
52200,2944,10060,502
50700,10060,2944,503
55800,2944,10060,504
58860,10888,2944,505
63900,2944,10888,506
55560,3008,2944,507
60300,2944,3008,508
41160,3008,2944,509
45900,2944,3008,510
39360,3008,2944,511
44100,2944,3008,512
55560,3008,2944,513
60300,2944,3008,514
45660,3008,2944,515
50400,2944,3008,516
53580,5602,2944,517
58500,2944,5602,518
30960,6832,2944,519
36000,2944,6832,520
30960,6832,2944,521
36000,2944,6832,522
37200,2926,2944,523
42300,2944,2926,524
39960,5740,2944,525
45000,2944,5740,526
50880,2848,2944,527
55800,2944,2848,528
49080,2848,2944,529
54000,2944,2848,530
54480,2848,2944,531
59400,2944,2848,532
42780,2848,2944,533
47700,2944,2848,534
44340,11009,2944,535
49500,2944,11009,536
29040,11009,2944,537
34200,2944,11009,538
37140,11009,2944,539
42300,2944,11009,540
56940,11009,2944,541
62100,2944,11009,542
56940,11009,2944,543
62100,2944,11009,544
52440,11009,2944,545
57600,2944,11009,546
35340,11009,2944,547
40500,2944,11009,548
46140,11009,2944,549
51300,2944,11009,550
35340,11009,2944,551
40500,2944,11009,552
35340,11009,2944,553
40500,2944,11009,554
36240,11009,2944,555
41400,2944,11009,556
54240,11009,2944,557
59400,2944,11009,558
40740,11009,2944,559
45900,2944,11009,560
39840,11009,2944,561
45000,2944,11009,562
57840,11009,2944,563
63000,2944,11009,564
45240,11009,2944,565
50400,2944,11009,566
50640,11009,2944,567
55800,2944,11009,568
30840,11009,2944,569
36000,2944,11009,570
58740,11009,2944,571
63900,2944,11009,572
38040,11009,2944,573
43200,2944,11009,574
57240,3042,2944,575
62100,2944,3042,576
37440,3042,2944,577
42300,2944,3042,578
46440,3042,2944,579
51300,2944,3042,580
56340,3042,2944,581
61200,2944,3042,582
58140,3042,2944,583
63000,2944,3042,584
45600,5899,2944,585
50400,2944,5899,586
43800,5899,2944,587
48600,2944,5899,588
28500,5899,2944,589
33300,2944,5899,590
44700,5899,2944,591
49500,2944,5899,592
31200,5899,2944,593
36000,2944,5899,594
59100,5899,2944,595
63900,2944,5899,596
28440,2941,2944,597
33300,2944,2941,598
46440,2941,2944,599
51300,2944,2941,600
49080,6832,2944,601
54000,2944,6832,602
56220,2903,2944,603
61200,2944,2903,604
53520,2903,2944,605
58500,2944,2903,606
58980,6858,2944,607
63900,2944,6858,608
56280,6858,2944,609
61200,2944,6858,610
39180,7033,2944,611
44100,2944,7033,612
51780,7033,2944,613
56700,2944,7033,614
51780,7033,2944,615
56700,2944,7033,616
35580,7033,2944,617
40500,2944,7033,618
39060,2877,2944,619
44100,2944,2877,620
47160,2877,2944,621
52200,2944,2877,622
32460,10011,2944,623
37800,2944,10011,624
57660,10011,2944,625
63000,2944,10011,626
30660,10011,2944,627
36000,2944,10011,628
39660,10011,2944,629
45000,2944,10011,630
38760,10011,2944,631
44100,2944,10011,632
58560,10011,2944,633
63900,2944,10011,634
29760,10011,2944,635
35100,2944,10011,636
45060,10011,2944,637
50400,2944,10011,638
53160,10011,2944,639
58500,2944,10011,640
40560,10011,2944,641
45900,2944,10011,642
44280,10011,2944,643
49500,2944,10011,644
52380,10011,2944,645
57600,2944,10011,646
37080,10011,2944,647
42300,2944,10011,648
55980,10011,2944,649
61200,2944,10011,650
41580,10011,2944,651
46800,2944,10011,652
47880,10011,2944,653
53100,2944,10011,654
55080,10011,2944,655
60300,2944,10011,656
57780,10011,2944,657
63000,2944,10011,658
54180,10011,2944,659
59400,2944,10011,660
52380,10011,2944,661
57600,2944,10011,662
46080,10011,2944,663
51300,2944,10011,664
39780,9912,2944,665
45000,2944,9912,666
31680,9912,2944,667
36900,2944,9912,668
41580,9912,2944,669
46800,2944,9912,670
45180,9912,2944,671
50400,2944,9912,672
35280,9912,2944,673
40500,2944,9912,674
33480,9912,2944,675
38700,2944,9912,676
48780,9912,2944,677
54000,2944,9912,678
51420,10054,2944,679
56700,2944,10054,680
43320,10054,2944,681
48600,2944,10054,682
28020,10054,2944,683
33300,2944,10054,684
55920,10054,2944,685
61200,2944,10054,686
40620,10054,2944,687
45900,2944,10054,688
47820,10054,2944,689
53100,2944,10054,690
37920,10054,2944,691
43200,2944,10054,692
51420,10054,2944,693
56700,2944,10054,694
32520,10054,2944,695
37800,2944,10054,696
46020,10054,2944,697
51300,2944,10054,698
27120,10054,2944,699
32400,2944,10054,700
37920,10054,2944,701
43200,2944,10054,702
55920,10054,2944,703
61200,2944,10054,704
55920,10054,2944,705
61200,2944,10054,706
55920,10054,2944,707
61200,2944,10054,708
31620,10054,2944,709
36900,2944,10054,710
56820,10054,2944,711
62100,2944,10054,712
53220,10054,2944,713
58500,2944,10054,714
37020,10066,2944,715
42300,2944,10066,716
47820,10066,2944,717
53100,2944,10066,718
48720,10066,2944,719
54000,2944,10066,720
28020,10066,2944,721
33300,2944,10066,722
31620,10066,2944,723
36900,2944,10066,724
55020,10066,2944,725
60300,2944,10066,726
28920,10066,2944,727
34200,2944,10066,728
41520,10066,2944,729
46800,2944,10066,730
48720,10066,2944,731
54000,2944,10066,732
45120,10066,2944,733
50400,2944,10066,734
40740,9933,2944,735
45900,2944,9933,736
29940,9933,2944,737
35100,2944,9933,738
56040,9933,2944,739
61200,2944,9933,740
32640,9933,2944,741
37800,2944,9933,742
47040,9933,2944,743
52200,2944,9933,744
44340,9933,2944,745
49500,2944,9933,746
31740,9933,2944,747
36900,2944,9933,748
43440,9933,2944,749
48600,2944,9933,750
44340,9933,2944,751
49500,2944,9933,752
43440,9933,2944,753
48600,2944,9933,754
45240,9933,2944,755
50400,2944,9933,756
46140,9933,2944,757
51300,2944,9933,758
33540,9933,2944,759
38700,2944,9933,760
31740,9933,2944,761
36900,2944,9933,762
43440,9933,2944,763
48600,2944,9933,764
35340,9933,2944,765
40500,2944,9933,766
55140,9933,2944,767
60300,2944,9933,768
39840,9933,2944,769
45000,2944,9933,770
36360,2848,2944,771
41400,2944,2848,772
38040,9939,2944,773
43200,2944,9939,774
38940,9939,2944,775
44100,2944,9939,776
42540,9939,2944,777
47700,2944,9939,778
36240,9939,2944,779
41400,2944,9939,780
47040,9939,2944,781
52200,2944,9939,782
58740,9939,2944,783
63900,2944,9939,784
32640,9939,2944,785
37800,2944,9939,786
45240,9939,2944,787
50400,2944,9939,788
42540,9939,2944,789
47700,2944,9939,790
45240,9939,2944,791
50400,2944,9939,792
56940,9939,2944,793
62100,2944,9939,794
48840,9939,2944,795
54000,2944,9939,796
42540,9939,2944,797
47700,2944,9939,798
56040,9939,2944,799
61200,2944,9939,800
39840,9939,2944,801
45000,2944,9939,802
29040,9939,2944,803
34200,2944,9939,804
44340,9939,2944,805
49500,2944,9939,806
57840,9939,2944,807
63000,2944,9939,808
47940,9939,2944,809
53100,2944,9939,810
44340,9939,2944,811
49500,2944,9939,812
38040,9939,2944,813
43200,2944,9939,814
55080,3022,2944,815
60300,2944,3022,816
47880,3022,2944,817
53100,2944,3022,818
41580,3022,2944,819
46800,2944,3022,820
49680,3022,2944,821
54900,2944,3022,822
42480,3022,2944,823
47700,2944,3022,824
45180,3022,2944,825
50400,2944,3022,826
30780,3022,2944,827
36000,2944,3022,828
39780,3022,2944,829
45000,2944,3022,830
55080,3022,2944,831
60300,2944,3022,832
55980,3022,2944,833
61200,2944,3022,834
28980,3022,2944,835
34200,2944,3022,836
27180,3022,2944,837
32400,2944,3022,838
46080,3022,2944,839
51300,2944,3022,840
42480,3022,2944,841
47700,2944,3022,842
34380,3022,2944,843
39600,2944,3022,844
31680,3022,2944,845
36900,2944,3022,846
55080,3022,2944,847
60300,2944,3022,848
37080,3022,2944,849
42300,2944,3022,850
55980,3022,2944,851
61200,2944,3022,852
47880,3022,2944,853
53100,2944,3022,854
37980,3022,2944,855
43200,2944,3022,856
53280,3022,2944,857
58500,2944,3022,858
50640,10053,2944,859
55800,2944,10053,860
28140,10053,2944,861
33300,2944,10053,862
49740,10053,2944,863
54900,2944,10053,864
43440,10053,2944,865
48600,2944,10053,866
50640,10053,2944,867
55800,2944,10053,868
28140,10053,2944,869
33300,2944,10053,870
45240,10053,2944,871
50400,2944,10053,872
47040,10053,2944,873
52200,2944,10053,874
43440,10053,2944,875
48600,2944,10053,876
30840,10053,2944,877
36000,2944,10053,878
42540,10053,2944,879
47700,2944,10053,880
38040,10053,2944,881
43200,2944,10053,882
33540,10053,2944,883
38700,2944,10053,884
58860,2844,2944,885
63900,2944,2844,886
38160,2837,2944,887
43200,2944,2837,888
54360,2978,2944,889
59400,2944,2978,890
40680,6828,2944,891
45900,2944,6828,892
29880,6828,2944,893
35100,2944,6828,894
33480,6828,2944,895
38700,2944,6828,896
32580,6828,2944,897
37800,2944,6828,898
36180,6828,2944,899
41400,2944,6828,900
49680,6828,2944,901
54900,2944,6828,902
46980,6828,2944,903
52200,2944,6828,904
43380,6828,2944,905
48600,2944,6828,906
36180,6828,2944,907
41400,2944,6828,908
49680,6828,2944,909
54900,2944,6828,910
27180,6828,2944,911
32400,2944,6828,912
30780,6828,2944,913
36000,2944,6828,914
49680,6828,2944,915
54900,2944,6828,916
27180,6828,2944,917
32400,2944,6828,918
50580,6828,2944,919
55800,2944,6828,920
31680,6828,2944,921
36900,2944,6828,922
35280,6828,2944,923
40500,2944,6828,924
55980,6828,2944,925
61200,2944,6828,926
53280,6828,2944,927
58500,2944,6828,928
36180,6828,2944,929
41400,2944,6828,930
52380,6828,2944,931
57600,2944,6828,932
35280,6828,2944,933
40500,2944,6828,934
45180,6828,2944,935
50400,2944,6828,936
47880,6828,2944,937
53100,2944,6828,938
39780,6828,2944,939
45000,2944,6828,940
28980,6828,2944,941
34200,2944,6828,942
33060,5938,2944,943
38700,2944,5938,944
30360,5938,2944,945
36000,2944,5938,946
52860,5938,2944,947
58500,2944,5938,948
56460,5938,2944,949
62100,2944,5938,950
57360,5938,2944,951
63000,2944,5938,952
31260,5938,2944,953
36900,2944,5938,954
52860,5938,2944,955
58500,2944,5938,956
41160,5938,2944,957
46800,2944,5938,958
44760,5938,2944,959
50400,2944,5938,960
42540,2998,2944,961
47700,2944,2998,962
34440,2998,2944,963
39600,2944,2998,964
34440,2998,2944,965
39600,2944,2998,966
42540,2998,2944,967
47700,2944,2998,968
34440,2998,2944,969
39600,2944,2998,970
37140,2998,2944,971
42300,2944,2998,972
56040,2998,2944,973
61200,2944,2998,974
58740,2998,2944,975
63900,2944,2998,976
29940,2998,2944,977
35100,2944,2998,978
53340,2998,2944,979
58500,2944,2998,980
46140,2998,2944,981
51300,2944,2998,982
56940,2998,2944,983
62100,2944,2998,984
34440,2998,2944,985
39600,2944,2998,986
56040,2998,2944,987
61200,2944,2998,988
56940,2998,2944,989
62100,2944,2998,990
40560,5937,2944,991
45900,2944,5937,992
38760,5937,2944,993
44100,2944,5937,994
58560,5937,2944,995
63900,2944,5937,996
55860,5937,2944,997
61200,2944,5937,998
42360,5937,2944,999
47700,2944,5937,1000
45960,5937,2944,1001
51300,2944,5937,1002
42360,5937,2944,1003
47700,2944,5937,1004
46860,5937,2944,1005
52200,2944,5937,1006
45960,5937,2944,1007
51300,2944,5937,1008
36060,5937,2944,1009
41400,2944,5937,1010
28860,5937,2944,1011
34200,2944,5937,1012
52260,5937,2944,1013
57600,2944,5937,1014
39660,5937,2944,1015
45000,2944,5937,1016
45960,5937,2944,1017
51300,2944,5937,1018
44220,2980,2944,1019
49500,2944,2980,1020
44220,2980,2944,1021
49500,2944,2980,1022
30720,2980,2944,1023
36000,2944,2980,1024
36120,2980,2944,1025
41400,2944,2980,1026
31620,2980,2944,1027
36900,2944,2980,1028
48720,2980,2944,1029
54000,2944,2980,1030
29820,2980,2944,1031
35100,2944,2980,1032
36120,2980,2944,1033
41400,2944,2980,1034
50520,2980,2944,1035
55800,2944,2980,1036
57720,2980,2944,1037
63000,2944,2980,1038
57720,2980,2944,1039
63000,2944,2980,1040
33420,2980,2944,1041
38700,2944,2980,1042
45120,2980,2944,1043
50400,2944,2980,1044
43320,2980,2944,1045
48600,2944,2980,1046
51420,2980,2944,1047
56700,2944,2980,1048
28020,2980,2944,1049
33300,2944,2980,1050
47280,10105,2944,1051
53100,2944,10105,1052
31980,10105,2944,1053
37800,2944,10105,1054
49980,10105,2944,1055
55800,2944,10105,1056
29280,10105,2944,1057
35100,2944,10105,1058
49080,10105,2944,1059
54900,2944,10105,1060
42780,10105,2944,1061
48600,2944,10105,1062
30780,5712,2944,1063
36000,2944,5712,1064
31680,5712,2944,1065
36900,2944,5712,1066
54180,5712,2944,1067
59400,2944,5712,1068
38880,5712,2944,1069
44100,2944,5712,1070
38880,5712,2944,1071
44100,2944,5712,1072
45180,5712,2944,1073
50400,2944,5712,1074
54180,5712,2944,1075
59400,2944,5712,1076
44280,5712,2944,1077
49500,2944,5712,1078
31680,5712,2944,1079
36900,2944,5712,1080
30780,5712,2944,1081
36000,2944,5712,1082
53280,5712,2944,1083
58500,2944,5712,1084
37980,5712,2944,1085
43200,2944,5712,1086
51480,5712,2944,1087
56700,2944,5712,1088
29880,5712,2944,1089
35100,2944,5712,1090
57780,5712,2944,1091
63000,2944,5712,1092
49680,5712,2944,1093
54900,2944,5712,1094
33480,5712,2944,1095
38700,2944,5712,1096
27180,5712,2944,1097
32400,2944,5712,1098
39780,5712,2944,1099
45000,2944,5712,1100
42420,10750,2944,1101
47700,2944,10750,1102
44220,10750,2944,1103
49500,2944,10750,1104
43320,10750,2944,1105
48600,2944,10750,1106
38820,10750,2944,1107
44100,2944,10750,1108
57720,10750,2944,1109
63000,2944,10750,1110
31620,10750,2944,1111
36900,2944,10750,1112
41520,10750,2944,1113
46800,2944,10750,1114
29820,10750,2944,1115
35100,2944,10750,1116
58620,10750,2944,1117
63900,2944,10750,1118
28920,10750,2944,1119
34200,2944,10750,1120
54120,10750,2944,1121
59400,2944,10750,1122
47820,10750,2944,1123
53100,2944,10750,1124
41520,10750,2944,1125
46800,2944,10750,1126
48720,10750,2944,1127
54000,2944,10750,1128
45120,10750,2944,1129
50400,2944,10750,1130
36120,10750,2944,1131
41400,2944,10750,1132
37020,10750,2944,1133
42300,2944,10750,1134
48720,10750,2944,1135
54000,2944,10750,1136
29820,10750,2944,1137
35100,2944,10750,1138
27000,9947,2944,1139
32400,2944,9947,1140
36000,9947,2944,1141
41400,2944,9947,1142
54900,9947,2944,1143
60300,2944,9947,1144
48600,9947,2944,1145
54000,2944,9947,1146
33300,9947,2944,1147
38700,2944,9947,1148
42300,9947,2944,1149
47700,2944,9947,1150
45900,9947,2944,1151
51300,2944,9947,1152
55800,9947,2944,1153
61200,2944,9947,1154
27000,9947,2944,1155
32400,2944,9947,1156
42300,9947,2944,1157
47700,2944,9947,1158
42300,9947,2944,1159
47700,2944,9947,1160
43200,9947,2944,1161
48600,2944,9947,1162
33300,9947,2944,1163
38700,2944,9947,1164
36780,10077,2944,1165
42300,2944,10077,1166
27780,10077,2944,1167
33300,2944,10077,1168
52980,10077,2944,1169
58500,2944,10077,1170
38580,10077,2944,1171
44100,2944,10077,1172
38580,10077,2944,1173
44100,2944,10077,1174
47580,10077,2944,1175
53100,2944,10077,1176
37680,10077,2944,1177
43200,2944,10077,1178
41280,10077,2944,1179
46800,2944,10077,1180
47580,10077,2944,1181
53100,2944,10077,1182
52080,10077,2944,1183
57600,2944,10077,1184
33180,10077,2944,1185
38700,2944,10077,1186
38580,10077,2944,1187
44100,2944,10077,1188
42420,10838,2944,1189
47700,2944,10838,1190
52320,10838,2944,1191
57600,2944,10838,1192
34320,10838,2944,1193
39600,2944,10838,1194
55920,10838,2944,1195
61200,2944,10838,1196
37020,10838,2944,1197
42300,2944,10838,1198
41520,10838,2944,1199
46800,2944,10838,1200
46920,10838,2944,1201
52200,2944,10838,1202
45120,10838,2944,1203
50400,2944,10838,1204
40620,10838,2944,1205
45900,2944,10838,1206
55020,10838,2944,1207
60300,2944,10838,1208
34440,10017,2944,1209
39600,2944,10017,1210
47040,10017,2944,1211
52200,2944,10017,1212
56040,10017,2944,1213
61200,2944,10017,1214
54240,10017,2944,1215
59400,2944,10017,1216
42540,10017,2944,1217
47700,2944,10017,1218
35340,10017,2944,1219
40500,2944,10017,1220
35340,10017,2944,1221
40500,2944,10017,1222
36240,10085,2944,1223
41400,2944,10085,1224
50640,10085,2944,1225
55800,2944,10085,1226
47040,10085,2944,1227
52200,2944,10085,1228
50640,10085,2944,1229
55800,2944,10085,1230
36240,10085,2944,1231
41400,2944,10085,1232
58620,10088,2944,1233
63900,2944,10088,1234
37020,10088,2944,1235
42300,2944,10088,1236
34320,10088,2944,1237
39600,2944,10088,1238
55020,10088,2944,1239
60300,2944,10088,1240
30540,10742,2944,1241
36000,2944,10742,1242
51240,10742,2944,1243
56700,2944,10742,1244
39540,10742,2944,1245
45000,2944,10742,1246
49440,10742,2944,1247
54900,2944,10742,1248
27840,10742,2944,1249
33300,2944,10742,1250
36840,10742,2944,1251
42300,2944,10742,1252
44040,10742,2944,1253
49500,2944,10742,1254
44940,10742,2944,1255
50400,2944,10742,1256
34140,10742,2944,1257
39600,2944,10742,1258
35940,10742,2944,1259
41400,2944,10742,1260
56640,10742,2944,1261
62100,2944,10742,1262
41340,10742,2944,1263
46800,2944,10742,1264
37740,10742,2944,1265
43200,2944,10742,1266
49440,10742,2944,1267
54900,2944,10742,1268
55740,10742,2944,1269
61200,2944,10742,1270
34140,10742,2944,1271
39600,2944,10742,1272
48540,10742,2944,1273
54000,2944,10742,1274
40440,10742,2944,1275
45900,2944,10742,1276
52140,10742,2944,1277
57600,2944,10742,1278
54840,10742,2944,1279
60300,2944,10742,1280
47520,9947,2944,1281
53100,2944,9947,1282
44820,9947,2944,1283
50400,2944,9947,1284
34920,9947,2944,1285
40500,2944,9947,1286
28620,9947,2944,1287
34200,2944,9947,1288
33120,9947,2944,1289
38700,2944,9947,1290
48420,9947,2944,1291
54000,2944,9947,1292
55620,9947,2944,1293
61200,2944,9947,1294
43920,9947,2944,1295
49500,2944,9947,1296
45720,9947,2944,1297
51300,2944,9947,1298
40320,9947,2944,1299
45900,2944,9947,1300
51120,9947,2944,1301
56700,2944,9947,1302
50220,9947,2944,1303
55800,2944,9947,1304
30420,9947,2944,1305
36000,2944,9947,1306
29520,10068,2944,1307
35100,2944,10068,1308
44040,9988,2944,1309
49500,2944,9988,1310
35940,9988,2944,1311
41400,2944,9988,1312
35940,9988,2944,1313
41400,2944,9988,1314
34140,9988,2944,1315
39600,2944,9988,1316
41160,10069,2944,1317
46800,2944,10069,1318
53760,10069,2944,1319
59400,2944,10069,1320
44760,10069,2944,1321
50400,2944,10069,1322
33960,10069,2944,1323
39600,2944,10069,1324
54660,10069,2944,1325
60300,2944,10069,1326
30000,3014,2944,1327
35100,2944,3014,1328
41700,3014,2944,1329
46800,2944,3014,1330
54300,3014,2944,1331
59400,2944,3014,1332
48000,3014,2944,1333
53100,2944,3014,1334
57900,3014,2944,1335
63000,2944,3014,1336
30000,3014,2944,1337
35100,2944,3014,1338
45300,3014,2944,1339
50400,2944,3014,1340
36300,3014,2944,1341
41400,2944,3014,1342
35400,3014,2944,1343
40500,2944,3014,1344
50700,3014,2944,1345
55800,2944,3014,1346
33600,3014,2944,1347
38700,2944,3014,1348
34500,3014,2944,1349
39600,2944,3014,1350
48900,3014,2944,1351
54000,2944,3014,1352
48000,3014,2944,1353
53100,2944,3014,1354
48000,3014,2944,1355
53100,2944,3014,1356
53400,3014,2944,1357
58500,2944,3014,1358
58800,3014,2944,1359
63900,2944,3014,1360
32700,3014,2944,1361
37800,2944,3014,1362
31800,3014,2944,1363
36900,2944,3014,1364
30900,3014,2944,1365
36000,2944,3014,1366
58800,3014,2944,1367
63900,2944,3014,1368
38100,3014,2944,1369
43200,2944,3014,1370
33600,3014,2944,1371
38700,2944,3014,1372
42600,3014,2944,1373
47700,2944,3014,1374
34500,3014,2944,1375
39600,2944,3014,1376
45300,3014,2944,1377
50400,2944,3014,1378
54300,3014,2944,1379
59400,2944,3014,1380
27120,3013,2944,1381
32400,2944,3013,1382
44220,3013,2944,1383
49500,2944,3013,1384
31620,3013,2944,1385
36900,2944,3013,1386
38820,3013,2944,1387
44100,2944,3013,1388
46920,3013,2944,1389
52200,2944,3013,1390
51420,3013,2944,1391
56700,2944,3013,1392
57720,3013,2944,1393
63000,2944,3013,1394
46020,3013,2944,1395
51300,2944,3013,1396
48720,3013,2944,1397
54000,2944,3013,1398
43320,3013,2944,1399
48600,2944,3013,1400
46920,3013,2944,1401
52200,2944,3013,1402
28920,3013,2944,1403
34200,2944,3013,1404
35220,3013,2944,1405
40500,2944,3013,1406
52320,3013,2944,1407
57600,2944,3013,1408
44220,3013,2944,1409
49500,2944,3013,1410
27120,3013,2944,1411
32400,2944,3013,1412
50520,3013,2944,1413
55800,2944,3013,1414
28920,3013,2944,1415
34200,2944,3013,1416
58620,3013,2944,1417
63900,2944,3013,1418
44220,3013,2944,1419
49500,2944,3013,1420
46020,3013,2944,1421
51300,2944,3013,1422
48420,10129,2944,1423
54000,2944,10129,1424
46620,10129,2944,1425
52200,2944,10129,1426
37620,10129,2944,1427
43200,2944,10129,1428
49320,10129,2944,1429
54900,2944,10129,1430
45000,10129,2944,1431
50400,2944,10129,1432
47700,10129,2944,1433
53100,2944,10129,1434
42300,10129,2944,1435
47700,2944,10129,1436
46860,10051,2944,1437
53100,2944,10051,1438
53160,10051,2944,1439
59400,2944,10051,1440
54060,10051,2944,1441
60300,2944,10051,1442
39660,10051,2944,1443
45900,2944,10051,1444
54060,10051,2944,1445
60300,2944,10051,1446
45300,3047,2944,1447
50400,2944,3047,1448
36240,3015,2944,1449
41400,2944,3015,1450
48840,3015,2944,1451
54000,2944,3015,1452
41640,3015,2944,1453
46800,2944,3015,1454
56040,3015,2944,1455
61200,2944,3015,1456
37140,3015,2944,1457
42300,2944,3015,1458
37140,3015,2944,1459
42300,2944,3015,1460
28140,3015,2944,1461
33300,2944,3015,1462
49740,3015,2944,1463
54900,2944,3015,1464
48840,3015,2944,1465
54000,2944,3015,1466
56040,3015,2944,1467
61200,2944,3015,1468
45240,3015,2944,1469
50400,2944,3015,1470
48840,3015,2944,1471
54000,2944,3015,1472
46140,3015,2944,1473
51300,2944,3015,1474
56940,3015,2944,1475
62100,2944,3015,1476
51540,3015,2944,1477
56700,2944,3015,1478
38040,3015,2944,1479
43200,2944,3015,1480
47940,3015,2944,1481
53100,2944,3015,1482
32640,3015,2944,1483
37800,2944,3015,1484
35340,3019,2944,1485
40500,2944,3019,1486
35340,3019,2944,1487
40500,2944,3019,1488
40740,3019,2944,1489
45900,2944,3019,1490
44340,3019,2944,1491
49500,2944,3019,1492
39840,3019,2944,1493
45000,2944,3019,1494
33540,3019,2944,1495
38700,2944,3019,1496
52440,3019,2944,1497
57600,2944,3019,1498
28140,3019,2944,1499
33300,2944,3019,1500
38040,3019,2944,1501
43200,2944,3019,1502
55140,3019,2944,1503
60300,2944,3019,1504
28140,3019,2944,1505
33300,2944,3019,1506
31740,3019,2944,1507
36900,2944,3019,1508
54240,3019,2944,1509
59400,2944,3019,1510
44340,3019,2944,1511
49500,2944,3019,1512
28140,3019,2944,1513
33300,2944,3019,1514
35220,3009,2944,1515
40500,2944,3009,1516
46020,3009,2944,1517
51300,2944,3009,1518
39720,3009,2944,1519
45000,2944,3009,1520
57720,3009,2944,1521
63000,2944,3009,1522
45120,3009,2944,1523
50400,2944,3009,1524
30720,3009,2944,1525
36000,2944,3009,1526
50520,3009,2944,1527
55800,2944,3009,1528
39720,3009,2944,1529
45000,2944,3009,1530
37020,3009,2944,1531
42300,2944,3009,1532
53220,3009,2944,1533
58500,2944,3009,1534
54120,3009,2944,1535
59400,2944,3009,1536
58620,3009,2944,1537
63900,2944,3009,1538
28920,3009,2944,1539
34200,2944,3009,1540
55020,3009,2944,1541
60300,2944,3009,1542
50520,3031,2944,1543
55800,2944,3031,1544
49620,3031,2944,1545
54900,2944,3031,1546
37920,3031,2944,1547
43200,2944,3031,1548
31620,3031,2944,1549
36900,2944,3031,1550
45120,3031,2944,1551
50400,2944,3031,1552
32520,3031,2944,1553
37800,2944,3031,1554
32520,3031,2944,1555
37800,2944,3031,1556
45120,3031,2944,1557
50400,2944,3031,1558
49620,3031,2944,1559
54900,2944,3031,1560
33420,3031,2944,1561
38700,2944,3031,1562
27120,3031,2944,1563
32400,2944,3031,1564
27120,3031,2944,1565
32400,2944,3031,1566
37920,3031,2944,1567
43200,2944,3031,1568
39720,3031,2944,1569
45000,2944,3031,1570
52320,3031,2944,1571
57600,2944,3031,1572
49620,3031,2944,1573
54900,2944,3031,1574
38820,3031,2944,1575
44100,2944,3031,1576
30840,2950,2944,1577
36000,2944,2950,1578
33540,2950,2944,1579
38700,2944,2950,1580
38040,2950,2944,1581
43200,2944,2950,1582
37140,2950,2944,1583
42300,2944,2950,1584
38040,2950,2944,1585
43200,2944,2950,1586
50640,2950,2944,1587
55800,2944,2950,1588
50640,2950,2944,1589
55800,2944,2950,1590
29040,2950,2944,1591
34200,2944,2950,1592
44340,2950,2944,1593
49500,2944,2950,1594
50640,2950,2944,1595
55800,2944,2950,1596
46140,2950,2944,1597
51300,2944,2950,1598
51540,2950,2944,1599
56700,2944,2950,1600
36240,2950,2944,1601
41400,2944,2950,1602
41640,2950,2944,1603
46800,2944,2950,1604
31740,2950,2944,1605
36900,2944,2950,1606
27240,2950,2944,1607
32400,2944,2950,1608
56040,2950,2944,1609
61200,2944,2950,1610
56040,2950,2944,1611
61200,2944,2950,1612
38940,2950,2944,1613
44100,2944,2950,1614
42540,2950,2944,1615
47700,2944,2950,1616
38940,2950,2944,1617
44100,2944,2950,1618
58740,2950,2944,1619
63900,2944,2950,1620
29040,2950,2944,1621
34200,2944,2950,1622
47040,2950,2944,1623
52200,2944,2950,1624
34380,6465,2944,1625
39600,2944,6465,1626
48780,6465,2944,1627
54000,2944,6465,1628
48780,6465,2944,1629
54000,2944,6465,1630
46080,6465,2944,1631
51300,2944,6465,1632
46980,6465,2944,1633
52200,2944,6465,1634
38880,6465,2944,1635
44100,2944,6465,1636
39780,6465,2944,1637
45000,2944,6465,1638
48780,6465,2944,1639
54000,2944,6465,1640
52380,6465,2944,1641
57600,2944,6465,1642
32580,6465,2944,1643
37800,2944,6465,1644
37080,6465,2944,1645
42300,2944,6465,1646
30780,6465,2944,1647
36000,2944,6465,1648
37980,6465,2944,1649
43200,2944,6465,1650
40680,6465,2944,1651
45900,2944,6465,1652
37080,6465,2944,1653
42300,2944,6465,1654
44280,6465,2944,1655
49500,2944,6465,1656
55980,6465,2944,1657
61200,2944,6465,1658
46080,6465,2944,1659
51300,2944,6465,1660
48780,6465,2944,1661
54000,2944,6465,1662
34380,6465,2944,1663
39600,2944,6465,1664
45180,6465,2944,1665
50400,2944,6465,1666
40680,6465,2944,1667
45900,2944,6465,1668
46440,6968,2944,1669
52200,2944,6968,1670
52740,6968,2944,1671
58500,2944,6968,1672
26640,6968,2944,1673
32400,2944,6968,1674
32940,6968,2944,1675
38700,2944,6968,1676
49140,6968,2944,1677
54900,2944,6968,1678
28440,6968,2944,1679
34200,2944,6968,1680
30240,6968,2944,1681
36000,2944,6968,1682
29340,6968,2944,1683
35100,2944,6968,1684
31140,6968,2944,1685
36900,2944,6968,1686
45540,6968,2944,1687
51300,2944,6968,1688
35280,6422,2944,1689
40500,2944,6422,1690
37980,6422,2944,1691
43200,2944,6422,1692
43380,6422,2944,1693
48600,2944,6422,1694
37080,6422,2944,1695
42300,2944,6422,1696
36180,6422,2944,1697
41400,2944,6422,1698
27180,6422,2944,1699
32400,2944,6422,1700
55080,6422,2944,1701
60300,2944,6422,1702
45180,6422,2944,1703
50400,2944,6422,1704
35280,6422,2944,1705
40500,2944,6422,1706
46980,6422,2944,1707
52200,2944,6422,1708
45180,6422,2944,1709
50400,2944,6422,1710
53280,6422,2944,1711
58500,2944,6422,1712
42480,6422,2944,1713
47700,2944,6422,1714
57780,6422,2944,1715
63000,2944,6422,1716
30780,6422,2944,1717
36000,2944,6422,1718
28080,6422,2944,1719
33300,2944,6422,1720
42480,6422,2944,1721
47700,2944,6422,1722
44280,6422,2944,1723
49500,2944,6422,1724
34380,6422,2944,1725
39600,2944,6422,1726
56880,6422,2944,1727
62100,2944,6422,1728
43380,6422,2944,1729
48600,2944,6422,1730
37980,6422,2944,1731
43200,2944,6422,1732
46980,6422,2944,1733
52200,2944,6422,1734
49680,6422,2944,1735
54900,2944,6422,1736
28980,6422,2944,1737
34200,2944,6422,1738
58680,6422,2944,1739
63900,2944,6422,1740
52380,6422,2944,1741
57600,2944,6422,1742
28920,2967,2944,1743
34200,2944,2967,1744
46920,2967,2944,1745
52200,2944,2967,1746
55920,2967,2944,1747
61200,2944,2967,1748
41520,2967,2944,1749
46800,2944,2967,1750
28020,2967,2944,1751
33300,2944,2967,1752
30720,2967,2944,1753
36000,2944,2967,1754
28920,2967,2944,1755
34200,2944,2967,1756
56820,2967,2944,1757
62100,2944,2967,1758
51420,2967,2944,1759
56700,2944,2967,1760
46020,2967,2944,1761
51300,2944,2967,1762
48720,2967,2944,1763
54000,2944,2967,1764
35220,2967,2944,1765
40500,2944,2967,1766
40620,2967,2944,1767
45900,2944,2967,1768
29820,2967,2944,1769
35100,2944,2967,1770
56820,2967,2944,1771
62100,2944,2967,1772
55920,6323,2944,1773
61200,2944,6323,1774
28020,6323,2944,1775
33300,2944,6323,1776
46920,6323,2944,1777
52200,2944,6323,1778
52320,6323,2944,1779
57600,2944,6323,1780
44220,6323,2944,1781
49500,2944,6323,1782
55920,6323,2944,1783
61200,2944,6323,1784
45120,6323,2944,1785
50400,2944,6323,1786
37920,6323,2944,1787
43200,2944,6323,1788
37020,6323,2944,1789
42300,2944,6323,1790
55020,6323,2944,1791
60300,2944,6323,1792
48720,6323,2944,1793
54000,2944,6323,1794
37920,6323,2944,1795
43200,2944,6323,1796
34320,6323,2944,1797
39600,2944,6323,1798
35220,6323,2944,1799
40500,2944,6323,1800
47820,6323,2944,1801
53100,2944,6323,1802
37020,6323,2944,1803
42300,2944,6323,1804
26700,10092,2944,1805
36900,2944,10092,1806
52380,10121,2944,1807
62100,2944,10121,1808
43380,10121,2944,1809
53100,2944,10121,1810
40560,10075,2944,1811
49500,2944,10075,1812
27060,10075,2944,1813
36000,2944,10075,1814
35700,10092,2944,1815
45900,2944,10092,1816
26700,10092,2944,1817
36900,2944,10092,1818
22740,12802,2944,1819
37800,2944,12802,1820
41700,3105,2944,1821
48600,2944,3105,1822
55200,3105,2944,1823
62100,2944,3105,1824
35400,3105,2944,1825
42300,2944,3105,1826
33600,3105,2944,1827
40500,2944,3105,1828
32460,3148,2944,1829
39600,2944,3148,1830
35160,3148,2944,1831
42300,2944,3148,1832
29160,3236,2944,1833
36000,2944,3236,1834
39060,3236,2944,1835
45900,2944,3236,1836
46200,3164,2944,1837
53100,2944,3164,1838
32940,6789,2944,1839
39600,2944,6789,1840
43740,6789,2944,1841
50400,2944,6789,1842
25740,6789,2944,1843
32400,2944,6789,1844
48480,3058,2944,1845
54900,2944,3058,1846
51180,3058,2944,1847
57600,2944,3058,1848
45960,3171,2944,1849
53100,2944,3171,1850
30660,3171,2944,1851
37800,2944,3171,1852
43260,3171,2944,1853
50400,2944,3171,1854
35160,3171,2944,1855
42300,2944,3171,1856
36060,3171,2944,1857
43200,2944,3171,1858
52260,3171,2944,1859
59400,2944,3171,1860
41460,3171,2944,1861
48600,2944,3171,1862
41460,3171,2944,1863
48600,2944,3171,1864
48060,3139,2944,1865
55800,2944,3139,1866
42660,3139,2944,1867
50400,2944,3139,1868
37260,3139,2944,1869
45000,2944,3139,1870
26460,3139,2944,1871
34200,2944,3139,1872
30000,6318,2944,1873
36900,2944,6318,1874
28200,6318,2944,1875
35100,2944,6318,1876
48360,3130,2944,1877
55800,2944,3130,1878
28560,3130,2944,1879
36000,2944,3130,1880
46200,5596,2944,1881
53100,2944,5596,1882
52500,5596,2944,1883
59400,2944,5596,1884
49140,9175,2944,1885
55800,2944,9175,1886
27540,9175,2944,1887
34200,2944,9175,1888
53640,9175,2944,1889
60300,2944,9175,1890
41940,9175,2944,1891
48600,2944,9175,1892
50940,9175,2944,1893
57600,2944,9175,1894
53640,9175,2944,1895
60300,2944,9175,1896
49140,9175,2944,1897
55800,2944,9175,1898
29340,9175,2944,1899
36000,2944,9175,1900
35640,9175,2944,1901
42300,2944,9175,1902
37260,7459,2944,1903
45000,2944,7459,1904
34560,7459,2944,1905
42300,2944,7459,1906
34560,7459,2944,1907
42300,2944,7459,1908
32760,7459,2944,1909
40500,2944,7459,1910
40140,7460,2944,1911
47700,2944,7460,1912
54540,7460,2944,1913
62100,2944,7460,1914
43740,7460,2944,1915
51300,2944,7460,1916
33180,11385,2944,1917
41400,2944,11385,1918
37020,3308,2944,1919
45900,2944,3308,1920
38820,3308,2944,1921
47700,2944,3308,1922
41520,3308,2944,1923
50400,2944,3308,1924
44580,3303,2944,1925
53100,2944,3303,1926
55380,3303,2944,1927
63900,2944,3303,1928
36480,3303,2944,1929
45000,2944,3303,1930
28380,3303,2944,1931
36900,2944,3303,1932
51900,3293,2944,1933
60300,2944,3293,1934
46500,3293,2944,1935
54900,2944,3293,1936
27600,3293,2944,1937
36000,2944,3293,1938
48300,3293,2944,1939
56700,2944,3293,1940
47400,3293,2944,1941
55800,2944,3293,1942
54600,3293,2944,1943
63000,2944,3293,1944
41040,3284,2944,1945
48600,2944,3284,1946
32040,3284,2944,1947
39600,2944,3284,1948
50040,3284,2944,1949
57600,2944,3284,1950
43260,8863,2944,1951
55800,2944,8863,1952
40860,7463,2944,1953
54000,2944,7463,1954
27840,7495,2944,1955
41400,2944,7495,1956
48240,7512,2944,1957
60300,2944,7512,1958
46860,8073,2944,1959
59400,2944,8073,1960
48780,10192,2944,1961
63000,2944,10192,1962
43800,7521,2944,1963
59400,2944,7521,1964
48660,3373,2944,1965
60300,2944,3373,1966
21300,12392,2944,1967
37800,2944,12392,1968
32040,10228,2944,1969
40500,2944,10228,1970
29340,10228,2944,1971
37800,2944,10228,1972
34740,10228,2944,1973
43200,2944,10228,1974
33060,3354,2944,1975
41400,2944,3354,1976
34860,3354,2944,1977
43200,2944,3354,1978
49320,10232,2944,1979
56700,2944,10232,1980
27720,10232,2944,1981
35100,2944,10232,1982
53820,10232,2944,1983
61200,2944,10232,1984
49320,10232,2944,1985
56700,2944,10232,1986
48420,10232,2944,1987
55800,2944,10232,1988
37620,10232,2944,1989
45000,2944,10232,1990
41220,10232,2944,1991
48600,2944,10232,1992
41040,10231,2944,1993
49500,2944,10231,1994
38340,10231,2944,1995
46800,2944,10231,1996
40200,10231,2944,1997
47700,2944,10231,1998
42900,10231,2944,1999
50400,2944,10231,2000
31200,10231,2944,2001
38700,2944,10231,2002
52800,10231,2944,2003
60300,2944,10231,2004
38400,10231,2944,2005
45900,2944,10231,2006
34800,10231,2944,2007
42300,2944,10231,2008
56400,10231,2944,2009
63900,2944,10231,2010
41100,10231,2944,2011
48600,2944,10231,2012
35400,7814,2944,2013
48600,2944,7814,2014
43440,3435,2944,2015
53100,2944,3435,2016
27540,3411,2944,2017
36900,2944,3411,2018
30540,3417,2944,2019
39600,2944,3417,2020
24240,3417,2944,2021
33300,2944,3417,2022
38460,11429,2944,2023
48600,2944,11429,2024
42960,11429,2944,2025
53100,2944,11429,2026
23520,11423,2944,2027
32400,2944,11423,2028
47820,11423,2944,2029
56700,2944,11423,2030
28920,3916,2944,2031
39600,2944,3916,2032
45120,4161,2944,2033
54900,2944,4161,2034
48780,6099,2944,2035
58500,2944,6099,2036
46500,6400,2944,2037
55800,2944,6400,2038
31620,3999,2944,2039
41400,2944,3999,2040
29640,3999,2944,2041
39600,2944,3999,2042
51180,4189,2944,2043
56700,2944,4189,2044
47580,4189,2944,2045
53100,2944,4189,2046
29580,4189,2944,2047
35100,2944,4189,2048
43080,4189,2944,2049
48600,2944,4189,2050
45780,4189,2944,2051
51300,2944,4189,2052
41280,4189,2944,2053
46800,2944,4189,2054
48480,4189,2944,2055
54000,2944,4189,2056
33180,4189,2944,2057
38700,2944,4189,2058
26880,4189,2944,2059
32400,2944,4189,2060
50280,4189,2944,2061
55800,2944,4189,2062
53880,4189,2944,2063
59400,2944,4189,2064
39480,4189,2944,2065
45000,2944,4189,2066
37680,4189,2944,2067
43200,2944,4189,2068
41280,4189,2944,2069
46800,2944,4189,2070
40380,4189,2944,2071
45900,2944,4189,2072
41280,4189,2944,2073
46800,2944,4189,2074
49380,4189,2944,2075
54900,2944,4189,2076
34980,4189,2944,2077
40500,2944,4189,2078
50280,4189,2944,2079
55800,2944,4189,2080
55680,4189,2944,2081
61200,2944,4189,2082
42180,4189,2944,2083
47700,2944,4189,2084
43980,4189,2944,2085
49500,2944,4189,2086
33180,4189,2944,2087
38700,2944,4189,2088
31920,7003,2944,2089
37800,2944,7003,2090
35520,7003,2944,2091
41400,2944,7003,2092
30120,7003,2944,2093
36000,2944,7003,2094
51720,7003,2944,2095
57600,2944,7003,2096
38220,7003,2944,2097
44100,2944,7003,2098
58020,7003,2944,2099
63900,2944,7003,2100
34620,7003,2944,2101
40500,2944,7003,2102
52620,7003,2944,2103
58500,2944,7003,2104
50820,7003,2944,2105
56700,2944,7003,2106
33720,7003,2944,2107
39600,2944,7003,2108
40020,7003,2944,2109
45900,2944,7003,2110
41820,7003,2944,2111
47700,2944,7003,2112
36420,7003,2944,2113
42300,2944,7003,2114
57120,7003,2944,2115
63000,2944,7003,2116
30120,7003,2944,2117
36000,2944,7003,2118
37320,7003,2944,2119
43200,2944,7003,2120
48120,4149,2944,2121
54000,2944,4149,2122
38220,4149,2944,2123
44100,2944,4149,2124
32820,4149,2944,2125
38700,2944,4149,2126
32820,4149,2944,2127
38700,2944,4149,2128
45420,4149,2944,2129
51300,2944,4149,2130
57120,4149,2944,2131
63000,2944,4149,2132
57120,4149,2944,2133
63000,2944,4149,2134
34620,4149,2944,2135
40500,2944,4149,2136
36420,4149,2944,2137
42300,2944,4149,2138
45420,4149,2944,2139
51300,2944,4149,2140
38220,4149,2944,2141
44100,2944,4149,2142
48420,6603,2944,2143
54900,2944,6603,2144
57420,6603,2944,2145
63900,2944,6603,2146
34020,6603,2944,2147
40500,2944,6603,2148
41220,6603,2944,2149
47700,2944,6603,2150
31320,6603,2944,2151
37800,2944,6603,2152
57480,4085,2944,2153
63900,2944,4085,2154
39480,4085,2944,2155
45900,2944,4085,2156
43980,4085,2944,2157
50400,2944,4085,2158
38580,4085,2944,2159
45000,2944,4085,2160
43980,4085,2944,2161
50400,2944,4085,2162
32280,4085,2944,2163
38700,2944,4085,2164
37680,4085,2944,2165
44100,2944,4085,2166
25980,4085,2944,2167
32400,2944,4085,2168
37680,4085,2944,2169
44100,2944,4085,2170
50280,4085,2944,2171
56700,2944,4085,2172
46680,4085,2944,2173
53100,2944,4085,2174
48480,4085,2944,2175
54900,2944,4085,2176
50280,4085,2944,2177
56700,2944,4085,2178
25980,4085,2944,2179
32400,2944,4085,2180
51180,4085,2944,2181
57600,2944,4085,2182
46680,4085,2944,2183
53100,2944,4085,2184
46680,4085,2944,2185
53100,2944,4085,2186
43080,4085,2944,2187
49500,2944,4085,2188
43980,4085,2944,2189
50400,2944,4085,2190
28680,4085,2944,2191
35100,2944,4085,2192
51600,6606,2944,2193
57600,2944,6606,2194
55200,6606,2944,2195
61200,2944,6606,2196
30000,6606,2944,2197
36000,2944,6606,2198
39000,6606,2944,2199
45000,2944,6606,2200
48000,6606,2944,2201
54000,2944,6606,2202
52500,6606,2944,2203
58500,2944,6606,2204
26400,6606,2944,2205
32400,2944,6606,2206
27300,6606,2944,2207
33300,2944,6606,2208
40800,6606,2944,2209
46800,2944,6606,2210
49800,6606,2944,2211
55800,2944,6606,2212
33600,6606,2944,2213
39600,2944,6606,2214
42600,6606,2944,2215
48600,2944,6606,2216
47100,6606,2944,2217
53100,2944,6606,2218
57000,6606,2944,2219
63000,2944,6606,2220
34740,4078,2944,2221
40500,2944,4078,2222
41940,4078,2944,2223
47700,2944,4078,2224
39240,4078,2944,2225
45000,2944,4078,2226
48240,4078,2944,2227
54000,2944,4078,2228
54540,4078,2944,2229
60300,2944,4078,2230
34740,4078,2944,2231
40500,2944,4078,2232
50040,4078,2944,2233
55800,2944,4078,2234
51840,4078,2944,2235
57600,2944,4078,2236
26640,4078,2944,2237
32400,2944,4078,2238
44640,4078,2944,2239
50400,2944,4078,2240
46440,4078,2944,2241
52200,2944,4078,2242
26640,4078,2944,2243
32400,2944,4078,2244
40140,4078,2944,2245
45900,2944,4078,2246
56280,4175,2944,2247
62100,2944,4175,2248
50880,4175,2944,2249
56700,2944,4175,2250
44580,4175,2944,2251
50400,2944,4175,2252
42780,4175,2944,2253
48600,2944,4175,2254
34680,4175,2944,2255
40500,2944,4175,2256
29280,4175,2944,2257
35100,2944,4175,2258
48180,4175,2944,2259
54000,2944,4175,2260
58080,4175,2944,2261
63900,2944,4175,2262
52260,4091,2944,2263
58500,2944,4091,2264
35160,4091,2944,2265
41400,2944,4091,2266
40560,4091,2944,2267
46800,2944,4091,2268
32460,4091,2944,2269
38700,2944,4091,2270
42360,4091,2944,2271
48600,2944,4091,2272
43260,4091,2944,2273
49500,2944,4091,2274
40560,4091,2944,2275
46800,2944,4091,2276
57660,4091,2944,2277
63900,2944,4091,2278
47760,4091,2944,2279
54000,2944,4091,2280
53160,4091,2944,2281
59400,2944,4091,2282
50460,4091,2944,2283
56700,2944,4091,2284
54960,4091,2944,2285
61200,2944,4091,2286
37860,4091,2944,2287
44100,2944,4091,2288
27960,4091,2944,2289
34200,2944,4091,2290
38760,4091,2944,2291
45000,2944,4091,2292
47340,4516,2944,2293
57600,2944,4516,2294
32340,6394,2944,2295
41400,2944,6394,2296
32700,4520,2944,2297
42300,2944,4520,2298
50820,6044,2944,2299
61200,2944,6044,2300
27780,11493,2944,2301
39600,2944,11493,2302
46260,11480,2944,2303
59400,2944,11480,2304
23280,7843,2944,2305
34200,2944,7843,2306
21780,7849,2944,2307
33300,2944,7849,2308
43380,11593,2944,2309
54000,2944,11593,2310
24480,11610,2944,2311
35100,2944,11610,2312
28740,11509,2944,2313
38700,2944,11509,2314
33900,11600,2944,2315
44100,2944,11600,2316
21540,11599,2944,2317
32400,2944,11599,2318
21000,10293,2944,2319
34200,2944,10293,2320
42120,11650,2944,2321
52200,2944,11650,2322
35460,11933,2944,2323
46800,2944,11933,2324
36360,11660,2944,2325
52200,2944,11660,2326
19380,11707,2944,2327
35100,2944,11707,2328
47640,10319,2944,2329
58500,2944,10319,2330
25620,10328,2944,2331
37800,2944,10328,2332
30780,7910,2944,2333
38700,2944,7910,2334
55740,9192,2944,2335
63900,2944,9192,2336
30540,9192,2944,2337
38700,2944,9192,2338
24960,7893,2944,2339
32400,2944,7893,2340
55500,7906,2944,2341
63900,2944,7906,2342
30300,7906,2944,2343
38700,2944,7906,2344
39180,7898,2944,2345
47700,2944,7898,2346
42780,7898,2944,2347
51300,2944,7898,2348
46380,7898,2944,2349
54900,2944,7898,2350
26640,8903,2944,2351
35100,2944,8903,2352
33120,7982,2944,2353
46800,2944,7982,2354
51540,11758,2944,2355
63900,2944,11758,2356
31320,10361,2944,2357
38700,2944,10361,2358
25020,10361,2944,2359
32400,2944,10361,2360
37620,10361,2944,2361
45000,2944,10361,2362
48720,10340,2944,2363
54900,2944,10340,2364
39720,10340,2944,2365
45900,2944,10340,2366
33420,10340,2944,2367
39600,2944,10340,2368
52320,10340,2944,2369
58500,2944,10340,2370
32520,10340,2944,2371
38700,2944,10340,2372
53220,10340,2944,2373
59400,2944,10340,2374
36120,10340,2944,2375
42300,2944,10340,2376
44220,10340,2944,2377
50400,2944,10340,2378
33420,10340,2944,2379
39600,2944,10340,2380
48300,11912,2944,2381
54900,2944,11912,2382
53700,11912,2944,2383
60300,2944,11912,2384
50100,11912,2944,2385
56700,2944,11912,2386
52800,11912,2944,2387
59400,2944,11912,2388
49140,11768,2944,2389
55800,2944,11768,2390
25740,11768,2944,2391
32400,2944,11768,2392
54540,11768,2944,2393
61200,2944,11768,2394
50940,11850,2944,2395
57600,2944,11850,2396
49020,11856,2944,2397
55800,2944,11856,2398
52620,11856,2944,2399
59400,2944,11856,2400
32880,11852,2944,2401
39600,2944,11852,2402
44580,11852,2944,2403
51300,2944,11852,2404
46380,11852,2944,2405
53100,2944,11852,2406
36480,10365,2944,2407
43200,2944,10365,2408
57180,10365,2944,2409
63900,2944,10365,2410
38280,10365,2944,2411
45000,2944,10365,2412
44580,10365,2944,2413
51300,2944,10365,2414
54480,10365,2944,2415
61200,2944,10365,2416
29940,11831,2944,2417
36900,2944,11831,2418
43440,11831,2944,2419
50400,2944,11831,2420
28140,11831,2944,2421
35100,2944,11831,2422
47040,11831,2944,2423
54000,2944,11831,2424
40920,11863,2944,2425
48600,2944,11863,2426
56220,11863,2944,2427
63900,2944,11863,2428
47220,11863,2944,2429
54900,2944,11863,2430
27420,11863,2944,2431
35100,2944,11863,2432
44520,11863,2944,2433
52200,2944,11863,2434
39120,11863,2944,2435
46800,2944,11863,2436
40380,11902,2944,2437
47700,2944,11902,2438
51960,12559,2944,2439
59400,2944,12559,2440
45660,12559,2944,2441
53100,2944,12559,2442
44520,11818,2944,2443
51300,2944,11818,2444
56220,11818,2944,2445
63000,2944,11818,2446
48480,11849,2944,2447
55800,2944,11849,2448
32280,11849,2944,2449
39600,2944,11849,2450
37680,11849,2944,2451
45000,2944,11849,2452
47520,11880,2944,2453
55800,2944,11880,2454
41220,11880,2944,2455
49500,2944,11880,2456
25020,11880,2944,2457
33300,2944,11880,2458
29520,11880,2944,2459
37800,2944,11880,2460
55620,11880,2944,2461
63900,2944,11880,2462
25860,12514,2944,2463
33300,2944,12514,2464
45660,12514,2944,2465
53100,2944,12514,2466
51960,12514,2944,2467
59400,2944,12514,2468
34860,12514,2944,2469
42300,2944,12514,2470
44100,11904,2944,2471
52200,2944,11904,2472
27480,11895,2944,2473
35100,2944,11895,2474
43680,11895,2944,2475
51300,2944,11895,2476
49980,11895,2944,2477
57600,2944,11895,2478
27660,11861,2944,2479
35100,2944,11861,2480
53760,11861,2944,2481
61200,2944,11861,2482
36360,12845,2944,2483
48600,2944,12845,2484
34020,11843,2944,2485
46800,2944,11843,2486
38580,12580,2944,2487
51300,2944,12580,2488
30240,8024,2944,2489
39600,2944,8024,2490
40140,8024,2944,2491
49500,2944,8024,2492
42180,8009,2944,2493
52200,2944,8009,2494
45480,8025,2944,2495
54900,2944,8025,2496
31920,8008,2944,2497
41400,2944,8008,2498
30960,12032,2944,2499
47700,2944,12032,2500
28140,10462,2944,2501
38700,2944,10462,2502
50100,10453,2944,2503
60300,2944,10453,2504
41280,10442,2944,2505
51300,2944,10442,2506
34320,10941,2944,2507
44100,2944,10941,2508
42000,10454,2944,2509
51300,2944,10454,2510
49860,4570,2944,2511
63900,2944,4570,2512
34680,10473,2944,2513
45000,2944,10473,2514
42780,10473,2944,2515
53100,2944,10473,2516
40920,10469,2944,2517
50400,2944,10469,2518
49560,6628,2944,2519
56700,2944,6628,2520
45060,6628,2944,2521
52200,2944,6628,2522
29760,6628,2944,2523
36900,2944,6628,2524
33360,6628,2944,2525
40500,2944,6628,2526
32460,6628,2944,2527
39600,2944,6628,2528
43260,6628,2944,2529
50400,2944,6628,2530
27780,8031,2944,2531
36000,2944,8031,2532
26880,8031,2944,2533
35100,2944,8031,2534
24180,8031,2944,2535
32400,2944,8031,2536
25080,8031,2944,2537
33300,2944,8031,2538
28560,8048,2944,2539
36900,2944,8048,2540
47460,8048,2944,2541
55800,2944,8048,2542
42060,8048,2944,2543
50400,2944,8048,2544
46620,8033,2944,2545
54000,2944,8033,2546
41220,8033,2944,2547
48600,2944,8033,2548
26820,8033,2944,2549
34200,2944,8033,2550
25260,4571,2944,2551
32400,2944,4571,2552
35160,4571,2944,2553
42300,2944,4571,2554
52260,4571,2944,2555
59400,2944,4571,2556
25920,8076,2944,2557
38700,2944,8076,2558
29280,9026,2944,2559
43200,2944,9026,2560
29940,10914,2944,2561
37800,2944,10914,2562
48840,10914,2944,2563
56700,2944,10914,2564
50640,10914,2944,2565
58500,2944,10914,2566
32400,10523,2944,2567
40500,2944,10523,2568
36000,10523,2944,2569
44100,2944,10523,2570
31320,10528,2944,2571
38700,2944,10528,2572
39420,10528,2944,2573
46800,2944,10528,2574
31320,10528,2944,2575
38700,2944,10528,2576
48420,10528,2944,2577
55800,2944,10528,2578
28140,10540,2944,2579
36000,2944,10540,2580
37140,10540,2944,2581
45000,2944,10540,2582
36240,10540,2944,2583
44100,2944,10540,2584
35340,10540,2944,2585
43200,2944,10540,2586
47040,10540,2944,2587
54900,2944,10540,2588
34800,10522,2944,2589
43200,2944,10522,2590
35700,10522,2944,2591
44100,2944,10522,2592
52800,10522,2944,2593
61200,2944,10522,2594
37500,10522,2944,2595
45900,2944,10522,2596
34380,10542,2944,2597
42300,2944,10542,2598
46980,10542,2944,2599
54900,2944,10542,2600
28080,10542,2944,2601
36000,2944,10542,2602
47040,10569,2944,2603
59400,2944,10569,2604
42480,10563,2944,2605
53100,2944,10563,2606
49140,10555,2944,2607
60300,2944,10555,2608
49680,10546,2944,2609
61200,2944,10546,2610
42540,10572,2944,2611
54000,2944,10572,2612
22740,1591,2944,2613
38700,2944,1591,2614
31320,4635,2944,2615
39600,2944,4635,2616
39420,4635,2944,2617
47700,2944,4635,2618
32160,4623,2944,2619
41400,2944,4623,2620
52440,4645,2944,2621
62100,2944,4645,2622
37980,4629,2944,2623
46800,2944,4629,2624
23580,4629,2944,2625
32400,2944,4629,2626
53700,8129,2944,2627
63000,2944,8129,2628
45720,8159,2944,2629
54900,2944,8159,2630
47580,4639,2944,2631
57600,2944,4639,2632
31560,10576,2944,2633
39600,2944,10576,2634
31560,10576,2944,2635
39600,2944,10576,2636
42240,10584,2944,2637
50400,2944,10584,2638
35940,10584,2944,2639
44100,2944,10584,2640
33240,10584,2944,2641
41400,2944,10584,2642
44040,10584,2944,2643
52200,2944,10584,2644
35040,10584,2944,2645
43200,2944,10584,2646
35040,10584,2944,2647
43200,2944,10584,2648
36240,4786,2944,2649
45900,2944,4786,2650
25020,4753,2944,2651
34200,2944,4753,2652
43920,4753,2944,2653
53100,2944,4753,2654
24420,4780,2944,2655
32400,2944,4780,2656
46920,4780,2944,2657
54900,2944,4780,2658
27120,4780,2944,2659
35100,2944,4780,2660
35220,4780,2944,2661
43200,2944,4780,2662
52740,11936,2944,2663
63900,2944,11936,2664
52020,11934,2944,2665
63900,2944,11934,2666
38580,10859,2944,2667
48600,2944,10859,2668
27780,10859,2944,2669
37800,2944,10859,2670
54840,4789,2944,2671
63900,2944,4789,2672
47640,4789,2944,2673
56700,2944,4789,2674
36600,10601,2944,2675
45900,2944,10601,2676
24900,10601,2944,2677
34200,2944,10601,2678
39060,12072,2944,2679
52200,2944,12072,2680
37560,12099,2944,2681
50400,2944,12099,2682
33060,12041,2944,2683
46800,2944,12041,2684
28440,12051,2944,2685
46800,2944,12051,2686
34380,10655,2944,2687
43200,2944,10655,2688
46980,10655,2944,2689
55800,2944,10655,2690
46080,10655,2944,2691
54900,2944,10655,2692
35460,10660,2944,2693
43200,2944,10660,2694
48060,10660,2944,2695
55800,2944,10660,2696
45360,10660,2944,2697
53100,2944,10660,2698
42660,10660,2944,2699
50400,2944,10660,2700
32760,10660,2944,2701
40500,2944,10660,2702
54360,10660,2944,2703
62100,2944,10660,2704
43260,9215,2944,2705
53100,2944,9215,2706
49560,9215,2944,2707
59400,2944,9215,2708
51180,8293,2944,2709
61200,2944,8293,2710
33120,8274,2944,2711
44100,2944,8274,2712
28680,9272,2944,2713
39600,2944,9272,2714
54720,10664,2944,2715
63900,2944,10664,2716
41220,10664,2944,2717
50400,2944,10664,2718
25740,12107,2944,2719
34200,2944,12107,2720
46140,12127,2944,2721
54900,2944,12127,2722
32640,12127,2944,2723
41400,2944,12127,2724
34440,12127,2944,2725
43200,2944,12127,2726
47700,12147,2944,2727
56700,2944,12147,2728
37380,12113,2944,2729
46800,2944,12113,2730
24120,10694,2944,2731
34200,2944,10694,2732
25080,10703,2944,2733
34200,2944,10703,2734
52080,10703,2944,2735
61200,2944,10703,2736
33480,10719,2944,2737
44100,2944,10719,2738
43680,8405,2944,2739
54000,2944,8405,2740
46620,8397,2944,2741
57600,2944,8397,2742
34020,9242,2944,2743
45900,2944,9242,2744
48840,8374,2944,2745
60300,2944,8374,2746
55140,4868,2944,2747
61200,2944,4868,2748
56040,4868,2944,2749
62100,2944,4868,2750
43440,4868,2944,2751
49500,2944,4868,2752
34440,4868,2944,2753
40500,2944,4868,2754
52440,4868,2944,2755
58500,2944,4868,2756
38940,4868,2944,2757
45000,2944,4868,2758
30840,4868,2944,2759
36900,2944,4868,2760
54240,4868,2944,2761
60300,2944,4868,2762
32640,4868,2944,2763
38700,2944,4868,2764
45120,5574,2944,2765
51300,2944,5574,2766
38820,5574,2944,2767
45000,2944,5574,2768
55920,5574,2944,2769
62100,2944,5574,2770
44220,5574,2944,2771
50400,2944,5574,2772
47820,5574,2944,2773
54000,2944,5574,2774
40620,5574,2944,2775
46800,2944,5574,2776
32520,5574,2944,2777
38700,2944,5574,2778
36120,5574,2944,2779
42300,2944,5574,2780
47100,4894,2944,2781
53100,2944,4894,2782
31800,4894,2944,2783
37800,2944,4894,2784
57900,4894,2944,2785
63900,2944,4894,2786
49800,4894,2944,2787
55800,2944,4894,2788
38100,4894,2944,2789
44100,2944,4894,2790
29100,4894,2944,2791
35100,2944,4894,2792
39000,4894,2944,2793
45000,2944,4894,2794
53400,4894,2944,2795
59400,2944,4894,2796
33780,5910,2944,2797
39600,2944,5910,2798
57180,5910,2944,2799
63000,2944,5910,2800
33780,5910,2944,2801
39600,2944,5910,2802
32880,5910,2944,2803
38700,2944,5910,2804
38280,5910,2944,2805
44100,2944,5910,2806
48180,5910,2944,2807
54000,2944,5910,2808
56280,5910,2944,2809
62100,2944,5910,2810
34680,5910,2944,2811
40500,2944,5910,2812
54480,5910,2944,2813
60300,2944,5910,2814
34500,4862,2944,2815
40500,2944,4862,2816
52500,4862,2944,2817
58500,2944,4862,2818
50700,4862,2944,2819
56700,2944,4862,2820
51600,4862,2944,2821
57600,2944,4862,2822
57900,4862,2944,2823
63900,2944,4862,2824
48000,4862,2944,2825
54000,2944,4862,2826
29100,4862,2944,2827
35100,2944,4862,2828
26580,4854,2944,2829
32400,2944,4854,2830
57180,4854,2944,2831
63000,2944,4854,2832
48180,4854,2944,2833
54000,2944,4854,2834
31980,4854,2944,2835
37800,2944,4854,2836
42780,4854,2944,2837
48600,2944,4854,2838
45480,4854,2944,2839
51300,2944,4854,2840
33780,4854,2944,2841
39600,2944,4854,2842
49980,4906,2944,2843
56700,2944,4906,2844
41880,4906,2944,2845
48600,2944,4906,2846
27480,4906,2944,2847
34200,2944,4906,2848
28140,4872,2944,2849
34200,2944,4872,2850
38040,4872,2944,2851
44100,2944,4872,2852
44340,4872,2944,2853
50400,2944,4872,2854
34080,4917,2944,2855
41400,2944,4917,2856
49380,4917,2944,2857
56700,2944,4917,2858
32280,4917,2944,2859
39600,2944,4917,2860
32280,4917,2944,2861
39600,2944,4917,2862
32280,4917,2944,2863
39600,2944,4917,2864
31380,4917,2944,2865
38700,2944,4917,2866
30720,4858,2944,2867
37800,2944,4858,2868
56820,4858,2944,2869
63900,2944,4858,2870
38820,4858,2944,2871
45900,2944,4858,2872
45120,4858,2944,2873
52200,2944,4858,2874
42420,4858,2944,2875
49500,2944,4858,2876
34500,4807,2944,2877
41400,2944,4807,2878
31800,4807,2944,2879
38700,2944,4807,2880
36300,4807,2944,2881
43200,2944,4807,2882
30000,4807,2944,2883
36900,2944,4807,2884
41700,4807,2944,2885
48600,2944,4807,2886
42600,4807,2944,2887
49500,2944,4807,2888
35400,4807,2944,2889
42300,2944,4807,2890
29100,4807,2944,2891
36000,2944,4807,2892
52200,4814,2944,2893
58500,2944,4814,2894
50400,4814,2944,2895
56700,2944,4814,2896
54000,4814,2944,2897
60300,2944,4814,2898
41400,4814,2944,2899
47700,2944,4814,2900
49500,4814,2944,2901
55800,2944,4814,2902
30600,4814,2944,2903
36900,2944,4814,2904
36900,4814,2944,2905
43200,2944,4814,2906
37800,4814,2944,2907
44100,2944,4814,2908
37560,4951,2944,2909
44100,2944,4951,2910
35760,4951,2944,2911
42300,2944,4951,2912
39360,4951,2944,2913
45900,2944,4951,2914
42060,4951,2944,2915
48600,2944,4951,2916
40260,4951,2944,2917
46800,2944,4951,2918
46560,4951,2944,2919
53100,2944,4951,2920
33960,4951,2944,2921
40500,2944,4951,2922
51060,4951,2944,2923
57600,2944,4951,2924
49320,6535,2944,2925
55800,2944,6535,2926
42120,6535,2944,2927
48600,2944,6535,2928
35820,6535,2944,2929
42300,2944,6535,2930
41220,6535,2944,2931
47700,2944,6535,2932
34020,6535,2944,2933
40500,2944,6535,2934
40320,6535,2944,2935
46800,2944,6535,2936
26820,6535,2944,2937
33300,2944,6535,2938
55620,6535,2944,2939
62100,2944,6535,2940
35820,6535,2944,2941
42300,2944,6535,2942
41580,4923,2944,2943
49500,2944,4923,2944
46080,4923,2944,2945
54000,2944,4923,2946
53880,4949,2944,2947
62100,2944,4949,2948
32280,4949,2944,2949
40500,2944,4949,2950
48720,4965,2944,2951
57600,2944,4965,2952
35220,4965,2944,2953
44100,2944,4965,2954
30960,4895,2944,2955
39600,2944,4895,2956
34380,4948,2944,2957
43200,2944,4948,2958
39600,8505,2944,2959
55800,2944,8505,2960
26760,4972,2944,2961
36000,2944,4972,2962
41640,5384,2944,2963
50400,2944,5384,2964
26340,5384,2944,2965
35100,2944,5384,2966
32160,8534,2944,2967
43200,2944,8534,2968
18660,1598,2944,2969
36900,2944,1598,2970
31260,5009,2944,2971
42300,2944,5009,2972
38040,5038,2944,2973
45900,2944,5038,2974
42540,5038,2944,2975
50400,2944,5038,2976
47040,5038,2944,2977
54900,2944,5038,2978
40800,8895,2944,2979
49500,2944,8895,2980
55200,8895,2944,2981
63900,2944,8895,2982
46980,8605,2944,2983
55800,2944,8605,2984
39960,8752,2944,2985
52200,2944,8752,2986
25140,12206,2944,2987
36900,2944,12206,2988
22920,12394,2944,2989
35100,2944,12394,2990
46980,12253,2944,2991
60300,2944,12253,2992
38160,12245,2944,2993
48600,2944,12245,2994
46560,12190,2944,2995
55800,2944,12190,2996
34860,12190,2944,2997
44100,2944,12190,2998
42480,5118,2944,2999
48600,2944,5118,3000
50580,5118,2944,3001
56700,2944,5118,3002
47880,5118,2944,3003
54000,2944,5118,3004
34380,5118,2944,3005
40500,2944,5118,3006
57780,5118,2944,3007
63900,2944,5118,3008
51480,5118,2944,3009
57600,2944,5118,3010
28080,5118,2944,3011
34200,2944,5118,3012
54360,5087,2944,3013
60300,2944,5087,3014
41760,5087,2944,3015
47700,2944,5087,3016
37260,5087,2944,3017
43200,2944,5087,3018
26460,5087,2944,3019
32400,2944,5087,3020
50760,5087,2944,3021
56700,2944,5087,3022
48060,5087,2944,3023
54000,2944,5087,3024
35460,5087,2944,3025
41400,2944,5087,3026
34560,5087,2944,3027
40500,2944,5087,3028
54360,5047,2944,3029
60300,2944,5047,3030
48960,5047,2944,3031
54900,2944,5047,3032
27360,5047,2944,3033
33300,2944,5047,3034
36360,5047,2944,3035
42300,2944,5047,3036
47160,5047,2944,3037
53100,2944,5047,3038
28260,5047,2944,3039
34200,2944,5047,3040
45360,5047,2944,3041
51300,2944,5047,3042
41820,5130,2944,3043
47700,2944,5130,3044
32820,5130,2944,3045
38700,2944,5130,3046
54420,5130,2944,3047
60300,2944,5130,3048
55320,5130,2944,3049
61200,2944,5130,3050
38220,5130,2944,3051
44100,2944,5130,3052
28320,5130,2944,3053
34200,2944,5130,3054
26520,5130,2944,3055
32400,2944,5130,3056
49020,5130,2944,3057
54900,2944,5130,3058
32820,5130,2944,3059
38700,2944,5130,3060
49920,5130,2944,3061
55800,2944,5130,3062
26400,5130,2944,3063
32400,2944,5130,3064
34500,5130,2944,3065
40500,2944,5130,3066
51600,5130,2944,3067
57600,2944,5130,3068
40800,5130,2944,3069
46800,2944,5130,3070
42600,5130,2944,3071
48600,2944,5130,3072
47100,5130,2944,3073
53100,2944,5130,3074
45300,5130,2944,3075
51300,2944,5130,3076
28200,5130,2944,3077
34200,2944,5130,3078
54300,5130,2944,3079
60300,2944,5130,3080
46440,5119,2944,3081
53100,2944,5119,3082
49140,5119,2944,3083
55800,2944,5119,3084
31140,5119,2944,3085
37800,2944,5119,3086
49140,5119,2944,3087
55800,2944,5119,3088
56340,5119,2944,3089
63000,2944,5119,3090
50040,5119,2944,3091
56700,2944,5119,3092
32040,5119,2944,3093
38700,2944,5119,3094
54540,5119,2944,3095
61200,2944,5119,3096
36540,5119,2944,3097
43200,2944,5119,3098
43740,5119,2944,3099
50400,2944,5119,3100
30060,6958,2944,3101
36000,2944,6958,3102
49860,6958,2944,3103
55800,2944,6958,3104
47160,6958,2944,3105
53100,2944,6958,3106
30960,6958,2944,3107
36900,2944,6958,3108
40500,5084,2944,3109
46800,2944,5084,3110
30600,5084,2944,3111
36900,2944,5084,3112
38700,5084,2944,3113
45000,2944,5084,3114
35100,5084,2944,3115
41400,2944,5084,3116
41400,5084,2944,3117
47700,2944,5084,3118
