rq_time,start,end,request_id,earliest_pickup_time,latest_pickup_time
54900,2944,10742,1242,54900,58500
62100,2944,9874,204,62100,65700
49380,10742,2944,1261,49380,52980
32580,6465,2944,1627,32580,36180
49740,2950,2944,1579,49740,53340
39960,9574,2944,103,39960,43560
42300,2944,5038,2926,42300,45900
49740,2950,2944,1583,49740,53340
35100,2944,10060,486,35100,38700
42300,2944,3047,1438,42300,45900
38700,2944,7459,1898,38700,42300
57900,5087,2944,2963,57900,61500
36720,9863,2944,267,36720,40320
57600,2944,3031,1548,57600,61200
57600,2944,11450,2296,57600,61200
46800,2944,10584,2606,46800,50400
54900,2944,10340,2358,54900,58500
46800,2944,10584,2604,46800,50400
49380,10742,2944,1245,49380,52980
42300,2944,5038,2924,42300,45900
37920,10838,2944,1201,37920,41520
32880,5910,2944,2763,32880,36480
54000,2944,11849,2424,54000,57600
54900,2944,2950,1612,54900,58500
51300,2944,10231,2000,51300,54900
51300,2944,10231,2002,51300,54900
37980,10750,2944,1117,37980,41580
31560,4814,2944,2855,31560,35160
46800,2944,5574,2722,46800,50400
36900,2944,5712,1090,36900,40500
55800,2944,4149,2130,55800,59400
57600,2944,3031,1552,57600,61200
51660,2848,2944,765,51660,55260
27540,6968,2944,1671,27540,31140
35160,3009,2944,1519,35160,38760
29040,3015,2944,1445,29040,32640
28500,7372,2944,193,28500,32100
51060,3007,2944,355,51060,54660
34320,2980,2944,1033,34320,37920
43800,7264,2944,145,43800,47400
54840,10129,2944,1427,54840,58440
28860,2967,2944,1737,28860,32460
35100,2944,9309,140,35100,38700
52800,8129,2944,2587,52800,56400
37800,2944,5130,3030,37800,41400
33540,9933,2944,747,33540,37140
26940,10077,2944,1179,26940,30540
35100,2944,3013,1396,35100,38700
46800,2944,11210,64,46800,50400
41220,10528,2944,2543,41220,44820
32400,2944,10088,1232,32400,36000
25260,7842,2944,2299,25260,28860
51600,6318,2944,1867,51600,55200
45900,2944,10054,680,45900,49500
36000,2944,9872,252,36000,39600
56700,2944,2848,766,56700,60300
39600,2944,9495,52,39600,43200
32280,11880,2944,2427,32280,35880
33540,9933,2944,737,33540,37140
47700,10523,2944,2535,47700,51300
54000,2944,3411,2016,54000,57600
58500,2944,7255,150,58500,62100
45000,2944,3014,1344,45000,48600
28260,9872,2944,255,28260,31860
39900,3014,2944,1341,39900,43500
25740,2370,2944,45,25740,29340
33540,9933,2944,757,33540,37140
61200,2944,7463,1952,61200,64800
48360,6603,2944,2145,48360,51960
38460,10907,2944,241,38460,42060
49740,2950,2944,1609,49740,53340
58500,2944,4091,2284,58500,62100
49500,2944,5119,3046,49500,53100
49980,9835,2944,247,49980,53580
31680,5712,2944,1085,31680,35280
44100,2944,11895,2448,44100,47700
34620,2903,2944,603,34620,38220
62100,2944,9874,212,62100,65700
32400,2944,10099,332,32400,36000
40500,2944,3009,1526,40500,44100
37620,4635,2944,2579,37620,41220
33300,2944,11009,536,33300,36900
61200,2944,11863,2406,61200,64800
44100,2944,6606,2196,44100,47700
32400,2944,10119,444,32400,36000
41400,2944,10232,1986,41400,45000
36000,9586,2944,135,36000,39600
47700,2944,10473,2482,47700,51300
36720,9863,2944,271,36720,40320
36000,2944,9872,258,36000,39600
55800,2944,4078,2222,55800,59400
55620,3058,2944,1833,55620,59220
59400,2944,4868,2714,59400,63000
53460,4894,2944,2737,53460,57060
46800,2944,5574,2728,46800,50400
54900,2944,10011,638,54900,58500
31440,9815,2944,179,31440,35040
31380,9495,2944,53,31380,34980
38880,3022,2944,843,38880,42480
33300,2944,11009,568,33300,36900
40500,2944,3019,1484,40500,44100
45780,9811,2944,185,45780,49380
32340,7365,2944,189,32340,35940
34500,10914,2944,2531,34500,38100
29580,6535,2944,2877,29580,33180
36900,2944,10053,860,36900,40500
54900,2944,8048,2508,54900,58500
45900,2944,4635,2580,45900,49500
62100,2944,9939,808,62100,65700
30600,2794,2944,175,30600,34200
31560,10051,2944,1433,31560,35160
33540,9933,2944,745,33540,37140
34980,7068,2944,1,34980,38580
40620,5574,2944,2731,40620,44220
49920,4149,2944,2125,49920,53520
54900,2944,10742,1234,54900,58500
36120,4858,2944,2827,36120,39720
38160,6606,2944,2205,38160,41760
51540,10017,2944,1209,51540,55140
60300,2944,5084,3056,60300,63900
33000,11429,2944,2025,33000,36600
45000,2944,3293,1930,45000,48600
39600,2944,2980,1028,39600,43200
60300,2944,8812,290,60300,63900
18540,850,2944,2021,18540,22140
48360,2382,2944,33,48360,51960
48240,6832,2944,599,48240,51840
21120,4575,2944,2477,21120,24720
43440,2375,2944,15,43440,47040
54900,2944,9596,94,54900,58500
54000,2944,8025,2466,54000,57600
35100,2944,9986,292,35100,38700
52680,9907,2944,299,52680,56280
51300,2944,2911,440,51300,54900
32880,5910,2944,2765,32880,36480
58500,2944,7003,2092,58500,62100
48240,8903,2944,2335,48240,51840
54900,2944,10742,1272,54900,58500
43200,2944,10750,1128,43200,46800
29280,9849,2944,219,29280,32880
48720,10340,2944,2349,48720,52320
32640,10187,2944,1953,32640,36240
54900,2944,8031,2500,54900,58500
32400,2944,10119,464,32400,36000
51300,2944,5118,2952,51300,54900
34200,2944,2967,1744,34200,37800
46800,10715,2944,2695,46800,50400
45780,4917,2944,2819,45780,49380
45000,2944,3014,1352,45000,48600
38700,2944,6828,888,38700,42300
49740,2950,2944,1591,49740,53340
39420,4189,2944,2081,39420,43020
58500,2944,6318,1868,58500,62100
33300,2944,6968,1666,33300,36900
36900,2944,5712,1062,36900,40500
32400,2944,5938,938,32400,36000
49740,2950,2944,1581,49740,53340
23280,7369,2944,195,23280,26880
44100,2944,3022,820,44100,47700
42300,2944,10047,472,42300,45900
38700,2944,6828,930,38700,42300
38460,4951,2944,2873,38460,42060
57360,3028,2944,431,57360,60960
35280,3019,2944,1489,35280,38880
60300,2944,5084,3060,60300,63900
47700,2944,3284,1946,47700,51300
35100,2944,11818,2418,35100,38700
58500,2944,4091,2286,58500,62100
29040,3015,2944,1469,29040,32640
36000,2944,11385,1914,36000,39600
62100,2944,10361,2342,62100,65700
45000,2944,4189,2060,45000,48600
49380,10742,2944,1235,49380,52980
63000,2944,6323,1776,63000,66600
45000,2944,3014,1346,45000,48600
40500,2944,10069,1314,40500,44100
63000,2944,6323,1768,63000,66600
38640,10584,2944,2603,38640,42240
33300,2944,2370,46,33300,36900
52200,2944,4085,2180,52200,55800
33540,6828,2944,901,33540,37140
28260,9872,2944,257,28260,31860
56940,9939,2944,795,56940,60540
40500,2944,3019,1488,40500,44100
29580,4949,2944,2897,29580,33180
38700,2944,5910,2756,38700,42300
42720,10660,2944,2651,42720,46320
31680,10053,2944,875,31680,35280
43200,2944,4858,2828,43200,46800
38700,2944,5910,2766,38700,42300
38700,2944,3008,512,38700,42300
37980,10750,2944,1111,37980,41580
28440,3042,2944,573,28440,32040
52620,7003,2944,2113,52620,56220
36900,2944,5712,1076,36900,40500
57720,6323,2944,1781,57720,61320
26340,10462,2944,2469,26340,29940
44100,2944,3022,846,44100,47700
53520,11863,2944,2407,53520,57120
32400,2944,10119,458,32400,36000
62100,2944,3028,434,62100,65700
49620,6422,2944,1715,49620,53220
58500,2944,7003,2114,58500,62100
38700,2944,3023,322,38700,42300
40620,10054,2944,701,40620,44220
60300,2944,4862,2784,60300,63900
27120,10088,2944,1229,27120,30720
25920,10664,2944,2671,25920,29520
40620,10054,2944,679,40620,44220
42300,2944,10694,2690,42300,45900
41400,2944,2794,176,41400,45000
55800,2944,10523,2536,55800,59400
52380,3031,2944,1539,52380,55980
44820,3130,2944,1869,44820,48420
27540,6968,2944,1661,27540,31140
39900,3014,2944,1345,39900,43500
37800,2944,9947,1160,37800,41400
37980,10750,2944,1115,37980,41580
52260,3171,2944,1851,52260,55860
39600,2944,2980,1030,39600,43200
53100,2944,4917,2814,53100,56700
49680,10011,2944,643,49680,53280
54900,2944,6422,1698,54900,58500
43200,2944,4858,2826,43200,46800
40680,10540,2944,2553,40680,44280
40500,2944,10066,728,40500,44100
23280,7369,2944,197,23280,26880
34200,2944,3303,1922,34200,37800
23760,5890,2944,171,23760,27360
44100,2944,10011,622,44100,47700
56100,4807,2944,2841,56100,59700
48660,9596,2944,89,48660,52260
33300,2944,11009,556,33300,36900
38700,2944,5910,2760,38700,42300
34200,2944,2967,1750,34200,37800
38160,6606,2944,2213,38160,41760
42300,2944,10047,480,42300,45900
44100,2944,3022,818,44100,47700
54600,11912,2944,2367,54600,58200
45480,10834,2944,333,45480,49080
54420,4175,2944,2247,54420,58020
54900,2944,10742,1264,54900,58500
36660,7225,2944,153,36660,40260
30960,7459,2944,1899,30960,34560
40500,2944,3019,1498,40500,44100
39900,3014,2944,1371,39900,43500
38700,2944,2379,26,38700,42300
63000,2944,4807,2838,63000,66600
28860,2967,2944,1749,28860,32460
52620,7003,2944,2097,52620,56220
55800,2944,8115,2594,55800,59400
36000,2944,6535,2886,36000,39600
45000,2944,3014,1324,45000,48600
42780,5119,2944,3043,42780,46380
57720,6323,2944,1771,57720,61320
57360,3028,2944,417,57360,60960
44100,2944,3022,830,44100,47700
49680,10011,2944,651,49680,53280
54600,3007,2944,347,54600,58200
36900,2944,10053,870,36900,40500
53640,11298,2944,315,53640,57240
37740,8293,2944,2659,37740,41340
38700,2944,10756,68,38700,42300
28140,11009,2944,565,28140,31740
51300,2944,4780,2616,51300,54900
51300,2944,10231,2010,51300,54900
36540,10105,2944,1049,36540,40140
45120,4629,2944,2583,45120,48720
50400,2944,2944,371,50400,54000
53100,2944,5937,1012,53100,56700
28860,2967,2944,1739,28860,32460
42780,9175,2944,1883,42780,46380
57360,3028,2944,433,57360,60960
35100,2944,3013,1398,35100,38700
26760,5938,2944,945,26760,30360
37740,10948,2944,125,37740,41340
55800,2944,12127,2680,55800,59400
54300,6958,2944,3053,54300,57900
49380,10742,2944,1243,49380,52980
60300,2944,6958,3054,60300,63900
34380,4923,2944,2895,34380,37980
35160,3009,2944,1513,35160,38760
35460,11856,2944,2381,35460,39060
58500,2944,9215,2658,58500,62100
63000,2944,6323,1764,63000,66600
43200,2944,10750,1124,43200,46800
54900,2944,6422,1726,54900,58500
45180,5118,2944,2951,45180,48780
31680,10053,2944,865,31680,35280
45000,2944,4189,2044,45000,48600
61200,2944,9907,300,61200,64800
40500,2944,4786,2612,40500,44100
58500,2944,4091,2274,58500,62100
63900,2944,10231,1996,63900,67500
63000,2944,6323,1770,63000,66600
56940,9939,2944,777,56940,60540
59400,2944,4868,2718,59400,63000
48660,9596,2944,81,48660,52260
56940,9939,2944,791,56940,60540
40620,10054,2944,681,40620,44220
42300,2944,10105,1056,42300,45900
36540,10105,2944,1053,36540,40140
36540,2831,2944,323,36540,40140
28560,2947,2944,409,28560,32160
32580,6465,2944,1619,32580,36180
32880,5910,2944,2757,32880,36480
51900,12514,2944,2439,51900,55500
27240,10119,2944,451,27240,30840
32400,2944,10077,1180,32400,36000
49620,6422,2944,1689,49620,53220
46800,2944,5574,2724,46800,50400
35100,2944,9309,142,35100,38700
37080,10047,2944,479,37080,40680
46680,11849,2944,2423,46680,50280
54900,2944,6422,1704,54900,58500
40500,2944,7460,1908,40500,44100
56100,3105,2944,1813,56100,59700
36900,2944,10053,868,36900,40500
43200,2944,10838,1188,43200,46800
55800,2944,4078,2234,55800,59400
54900,2944,10742,1270,54900,58500
49740,2950,2944,1607,49740,53340
36900,2944,2766,178,36900,40500
33300,2944,11386,1964,33300,36900
49740,2950,2944,1577,49740,53340
49620,6422,2944,1713,49620,53220
45900,2944,10054,706,45900,49500
36660,3293,2944,1937,36660,40260
59400,2944,9817,184,59400,63000
62100,2944,3028,424,62100,65700
57600,2944,3031,1544,57600,61200
57600,2944,6858,606,57600,61200
62100,2944,9947,1284,62100,65700
31980,7033,2944,611,31980,35580
37080,7910,2944,2319,37080,40680
53100,2944,6832,600,53100,56700
58500,2944,7003,2090,58500,62100
51060,3007,2944,369,51060,54660
29820,3013,2944,1403,29820,33420
46800,7637,2944,1957,46800,50400
37920,10838,2944,1189,37920,41520
59400,2944,3007,344,59400,63000
53160,11221,2944,163,53160,56760
62100,2944,3058,1834,62100,65700
40500,2944,3019,1492,40500,44100
34320,2980,2944,1045,34320,37920
28140,11009,2944,555,28140,31740
26760,5938,2944,943,26760,30360
32580,6465,2944,1629,32580,36180
59400,2944,4868,2710,59400,63000
48360,2382,2944,31,48360,51960
45000,2944,4951,2876,45000,48600
53100,2944,4917,2816,53100,56700
49740,2950,2944,1587,49740,53340
50400,2944,6661,174,50400,54000
45000,2944,3293,1934,45000,48600
52680,9907,2944,297,52680,56280
41400,2944,2831,326,41400,45000
31740,10085,2944,1221,31740,35340
33300,2944,2947,412,33300,36900
60300,2944,4571,2524,60300,63900
47280,2848,2944,529,47280,50880
32400,2944,10088,1230,32400,36000
40440,10442,2944,2471,40440,44040
35280,3019,2944,1481,35280,38880
45720,8033,2944,2511,45720,49320
49620,6422,2944,1719,49620,53220
57600,2944,3031,1558,57600,61200
42300,2944,4923,2894,42300,45900
52200,2944,2848,528,52200,55800
25980,4967,2944,2907,25980,29580
38700,2944,10756,74,38700,42300
40860,5047,2944,2981,40860,44460
52200,2944,4085,2182,52200,55800
25020,12367,2944,2639,25020,28620
53640,7998,2944,2463,53640,57240
50880,11852,2944,2383,50880,54480
52620,7003,2944,2117,52620,56220
37800,2944,6465,1642,37800,41400
37380,10473,2944,2481,37380,40980
42720,10660,2944,2647,42720,46320
45000,2944,3014,1362,45000,48600
55800,9988,2944,1303,55800,59400
28560,2947,2944,411,28560,32160
32400,2944,10119,450,32400,36000
40500,2944,3009,1518,40500,44100
37800,2944,5130,3020,37800,41400
52260,4091,2944,2285,52260,55860
33540,6828,2944,913,33540,37140
37800,2944,9947,1158,37800,41400
31980,7033,2944,613,31980,35580
49740,2950,2944,1611,49740,53340
36540,2831,2944,325,36540,40140
38700,2944,3008,508,38700,42300
31560,4814,2944,2849,31560,35160
29040,3015,2944,1457,29040,32640
35100,2944,10060,496,35100,38700
57600,2944,3031,1546,57600,61200
48600,2944,10540,2546,48600,52200
39900,3014,2944,1327,39900,43500
53100,2944,5937,1006,53100,56700
59400,2944,4868,2704,59400,63000
49620,6422,2944,1721,49620,53220
45000,2944,10907,240,45000,48600
49500,2944,9175,1884,49500,53100
43200,2944,11429,2026,43200,46800
32400,2944,10077,1162,32400,36000
56700,2944,8903,2336,56700,60300
53100,2944,5937,1002,53100,56700
32880,4485,2944,2293,32880,36480
34020,12267,2944,2939,34020,37620
39720,12168,2944,2937,39720,43320
38700,2944,6828,890,38700,42300
49920,4149,2944,2119,49920,53520
56520,9947,2944,1293,56520,60120
28140,11009,2944,545,28140,31740
56520,9947,2944,1287,56520,60120
40860,5047,2944,2985,40860,44460
43200,2944,10750,1106,43200,46800
48720,10340,2944,2359,48720,52320
63900,2944,5087,2968,63900,67500
36600,5899,2944,583,36600,40200
42300,2944,12147,2684,42300,45900
35220,10066,2944,719,35220,38820
26760,5938,2944,953,26760,30360
58500,2944,4091,2280,58500,62100
41700,10293,2944,2305,41700,45300
50040,4078,2944,2229,50040,53640
28560,2947,2944,415,28560,32160
39900,3014,2944,1335,39900,43500
33960,3008,2944,507,33960,37560
34200,2944,3015,1460,34200,37800
34200,2944,8090,2526,34200,37800
38940,9638,2944,109,38940,42540
53520,11863,2944,2401,53520,57120
38700,2944,6828,928,38700,42300
43200,2944,10750,1104,43200,46800
39600,2944,2980,1018,39600,43200
38520,11293,2944,319,38520,42120
36900,2944,5712,1094,36900,40500
37920,10838,2944,1191,37920,41520
49500,2944,3417,2020,49500,53100
44100,2944,6606,2212,44100,47700
34320,2980,2944,1037,34320,37920
28560,2947,2944,403,28560,32160
54060,5084,2944,3055,54060,57660
38880,3022,2944,813,38880,42480
40500,2944,3354,1974,40500,44100
44100,2944,3022,848,44100,47700
38700,2944,9933,760,38700,42300
32580,6465,2944,1625,32580,36180
54900,2944,2944,388,54900,58500
49620,6422,2944,1707,49620,53220
41400,2944,5899,582,41400,45000
62100,2944,9939,786,62100,65700
33300,2944,11009,558,33300,36900
44100,2944,11936,2624,44100,47700
57600,2944,3031,1566,57600,61200
55440,10231,2944,1993,55440,59040
39600,2944,2980,1038,39600,43200
51600,6318,2944,1865,51600,55200
32340,10756,2944,71,32340,35940
54900,2944,2950,1608,54900,58500
55800,2944,12127,2678,55800,59400
28320,11818,2944,2417,28320,31920
27780,11385,2944,1913,27780,31380
31380,9495,2944,57,31380,34980
49620,6422,2944,1685,49620,53220
54900,2944,8048,2506,54900,58500
35100,2944,3013,1378,35100,38700
52380,3031,2944,1537,52380,55980
39420,4189,2944,2041,39420,43020
42300,2944,10105,1058,42300,45900
45000,2944,3014,1338,45000,48600
62100,2944,11298,310,62100,65700
44520,5130,2944,2991,44520,48120
33300,2944,4575,2478,33300,36900
47760,5937,2944,1011,47760,51360
46440,10601,2944,2633,46440,50040
54900,2944,2950,1610,54900,58500
34200,2944,3015,1454,34200,37800
54900,2944,2944,394,54900,58500
40500,2944,3009,1506,40500,44100
30000,10060,2944,487,30000,33600
34200,2944,3015,1468,34200,37800
28140,11009,2944,533,28140,31740
49980,10326,2944,2313,49980,53580
28140,11009,2944,569,28140,31740
29040,3015,2944,1443,29040,32640
37800,2944,9947,1136,37800,41400
34320,2980,2944,1035,34320,37920
33540,6828,2944,933,33540,37140
38880,3022,2944,841,38880,42480
54900,2944,8031,2498,54900,58500
56100,4807,2944,2835,56100,59700
36960,6628,2944,2489,36960,40560
63900,2944,12113,2686,63900,67500
34500,10914,2944,2529,34500,38100
45420,2979,2944,437,45420,49020
39420,4189,2944,2059,39420,43020
37740,10948,2944,121,37740,41340
51540,10017,2944,1207,51540,55140
44100,2944,3022,810,44100,47700
30960,7459,2944,1897,30960,34560
49740,2950,2944,1597,49740,53340
44520,5130,2944,2989,44520,48120
62100,2944,11298,314,62100,65700
54900,2944,6422,1718,54900,58500
50400,2944,9864,234,50400,54000
43200,2944,10750,1134,43200,46800
39600,2944,2980,1026,39600,43200
34680,10365,2944,2393,34680,38280
58500,2944,4091,2282,58500,62100
45900,2944,10054,696,45900,49500
45900,2944,9638,112,45900,49500
46680,8031,2944,2501,46680,50280
51300,2944,10231,2012,51300,54900
33300,2944,11009,566,33300,36900
43200,2944,10750,1118,43200,46800
55800,2944,4078,2228,55800,59400
37080,10047,2944,473,37080,40680
49680,10563,2944,2571,49680,53280
32880,5910,2944,2769,32880,36480
41220,10528,2944,2539,41220,44820
55800,2944,10375,2308,55800,59400
58500,2944,4091,2290,58500,62100
56100,4807,2944,2839,56100,59700
29820,3013,2944,1379,29820,33420
38700,2944,6828,898,38700,42300
46800,2944,10584,2608,46800,50400
55800,2944,3007,362,55800,59400
48600,2944,9586,136,48600,52200
37800,2944,10051,1432,37800,41400
44100,2944,6606,2216,44100,47700
54900,2944,10340,2356,54900,58500
40500,10375,2944,2307,40500,44100
51060,3007,2944,367,51060,54660
45180,5118,2944,2955,45180,48780
54900,2944,2382,30,54900,58500
61200,2944,10522,2556,61200,64800
31860,2379,2944,23,31860,35460
45780,4085,2944,2187,45780,49380
60300,2944,4862,2772,60300,63900
25680,3303,2944,1925,25680,29280
57360,3028,2944,421,57360,60960
29040,3015,2944,1451,29040,32640
27240,10119,2944,461,27240,30840
33300,2944,2370,44,33300,36900
54900,2944,9596,88,54900,58500
54900,2944,6422,1730,54900,58500
31680,9912,2944,671,31680,35280
35700,9014,2944,283,35700,39300
36900,2944,10053,872,36900,40500
31680,5712,2944,1095,31680,35280
45900,2944,10054,692,45900,49500
31920,4972,2944,2909,31920,35520
56940,9939,2944,799,56940,60540
33300,2944,11009,534,33300,36900
27540,6968,2944,1663,27540,31140
48600,2944,10540,2552,48600,52200
53520,11863,2944,2409,53520,57120
49440,11904,2944,2443,49440,53040
52200,2944,4085,2160,52200,55800
41220,9242,2944,2699,41220,44820
34200,2944,2967,1740,34200,37800
49500,2944,9175,1878,49500,53100
38880,3022,2944,811,38880,42480
45540,2941,2944,595,45540,49140
32400,2944,10088,1226,32400,36000
40680,10540,2944,2551,40680,44280
45900,2944,10054,686,45900,49500
35100,2944,3013,1408,35100,38700
42300,2944,9849,222,42300,45900
33300,2944,11009,544,33300,36900
49380,10742,2944,1271,49380,52980
52200,2944,4085,2190,52200,55800
42720,10660,2944,2649,42720,46320
39600,2944,2980,1042,39600,43200
38700,2944,6828,908,38700,42300
34200,2944,3015,1462,34200,37800
45780,4085,2944,2173,45780,49380
40620,10054,2944,677,40620,44220
40620,10054,2944,683,40620,44220
49620,6422,2944,1695,49620,53220
36720,9863,2944,273,36720,40320
32400,2944,2926,522,32400,36000
29820,3013,2944,1377,29820,33420
63000,2944,3105,1812,63000,66600
39600,2944,2903,602,39600,43200
32400,2944,5938,946,32400,36000
54600,3007,2944,351,54600,58200
58500,2944,7003,2116,58500,62100
41400,2944,10232,1988,41400,45000
61200,2944,11912,2366,61200,64800
38700,2944,9933,742,38700,42300
50400,2944,10660,2650,50400,54000
37800,2944,6465,1658,37800,41400
49740,2950,2944,1613,49740,53340
41820,8515,2944,2917,41820,45420
37800,2944,9947,1150,37800,41400
32580,2645,2944,169,32580,36180
54900,2944,2950,1592,54900,58500
49380,10742,2944,1269,49380,52980
56100,3105,2944,1815,56100,59700
52620,7003,2944,2107,52620,56220
26760,5938,2944,941,26760,30360
29040,3015,2944,1473,29040,32640
31320,10068,2944,1299,31320,34920
52260,4091,2944,2283,52260,55860
36000,2944,9849,220,36000,39600
55800,2944,3007,368,55800,59400
49500,2944,9175,1890,49500,53100
52200,2944,7906,2326,52200,55800
35100,2944,4199,2034,35100,38700
29820,3013,2944,1375,29820,33420
59400,2944,3007,352,59400,63000
34380,5038,2944,2923,34380,37980
43200,2944,10838,1196,43200,46800
45120,4629,2944,2585,45120,48720
36660,3293,2944,1939,36660,40260
49500,2944,5119,3032,49500,53100
46680,11849,2944,2421,46680,50280
30000,10060,2944,499,30000,33600
54900,2944,6422,1712,54900,58500
55500,9874,2944,211,55500,59100
31560,4814,2944,2853,31560,35160
62100,2944,9939,802,62100,65700
32400,2944,10773,228,32400,36000
55800,2944,3007,366,55800,59400
54900,2944,2950,1570,54900,58500
30840,11265,2944,277,30840,34440
31680,11423,2944,2029,31680,35280
46980,12127,2944,2677,46980,50580
34680,7898,2944,2333,34680,38280
33300,2944,2947,408,33300,36900
44640,3411,2944,2015,44640,48240
36900,2944,5712,1072,36900,40500
50880,11852,2944,2385,50880,54480
44100,2944,3022,840,44100,47700
40500,2944,7460,1912,40500,44100
50400,2944,12580,2458,50400,54000
54900,2944,10011,652,54900,58500
63900,2944,8857,8,63900,67500
38700,2944,9933,730,38700,42300
45000,2944,9947,1274,45000,48600
38880,3022,2944,839,38880,42480
33300,2944,2947,416,33300,36900
61200,2944,9988,1308,61200,64800
54900,2944,10742,1240,54900,58500
34020,10232,2944,1979,34020,37620
34200,2944,3303,1926,34200,37800
45900,2944,7343,200,45900,49500
49500,2944,9014,284,49500,53100
50400,2944,9864,232,50400,54000
45900,2944,10054,694,45900,49500
50040,4078,2944,2239,50040,53640
48660,9596,2944,97,48660,52260
54900,2944,10340,2354,54900,58500
37980,4965,2944,2903,37980,41580
34200,2944,3015,1456,34200,37800
52260,3171,2944,1841,52260,55860
45000,2944,6789,1832,45000,48600
54900,2944,10742,1252,54900,58500
34380,5038,2944,2925,34380,37980
53100,2944,10655,2644,53100,56700
37800,2944,6465,1660,37800,41400
60300,2944,4862,2782,60300,63900
39960,9574,2944,105,39960,43560
39600,2944,5384,2912,39600,43200
37980,10750,2944,1107,37980,41580
52380,3031,2944,1553,52380,55980
31680,5712,2944,1065,31680,35280
54900,2944,10742,1238,54900,58500
55800,2944,4078,2244,55800,59400
39600,2944,2980,1024,39600,43200
25560,10773,2944,227,25560,29160
31680,5712,2944,1081,31680,35280
54900,2944,10340,2348,54900,58500
37800,2944,4949,2900,37800,41400
37800,2944,6465,1656,37800,41400
33540,6828,2944,931,33540,37140
31680,5712,2944,1079,31680,35280
54420,4175,2944,2257,54420,58020
30960,7459,2944,1905,30960,34560
34500,10914,2944,2527,34500,38100
27540,6968,2944,1673,27540,31140
37080,10047,2944,465,37080,40680
62100,2944,9939,790,62100,65700
38700,2944,9933,762,38700,42300
56940,9939,2944,773,56940,60540
37800,2944,4814,2860,37800,41400
29040,3015,2944,1447,29040,32640
48840,8895,2944,2929,48840,52440
53400,4868,2944,2703,53400,57000
29280,9849,2944,213,29280,32880
43440,2375,2944,13,43440,47040
63900,2944,5087,2966,63900,67500
57360,3028,2944,423,57360,60960
52200,2944,4085,2178,52200,55800
54900,2944,6422,1732,54900,58500
43200,2944,11429,2024,43200,46800
35100,2944,3013,1374,35100,38700
42300,2944,10719,2698,42300,45900
37980,10750,2944,1125,37980,41580
61200,2944,11912,2370,61200,64800
50040,4078,2944,2223,50040,53640
33300,2944,6968,1678,33300,36900
38700,2944,3008,510,38700,42300
49680,10011,2944,645,49680,53280
53100,2944,6832,598,53100,56700
35340,2998,2944,979,35340,38940
62100,2944,9939,806,62100,65700
38460,4951,2944,2871,38460,42060
61200,2944,8374,2702,61200,64800
35460,6832,2944,519,35460,39060
37800,2944,5130,3012,37800,41400
33300,2944,3042,574,33300,36900
50400,2944,5130,2992,50400,54000
29220,4854,2944,2785,29220,32820
45780,4085,2944,2155,45780,49380
50400,2944,5130,3010,50400,54000
54900,2944,6422,1722,54900,58500
51540,10017,2944,1205,51540,55140
54300,4862,2944,2777,54300,57900
45000,2944,10948,124,45000,48600
54900,2944,10742,1236,54900,58500
35580,9849,2944,221,35580,39180
63900,2944,5087,2970,63900,67500
51060,3007,2944,359,51060,54660
46560,12190,2944,2943,46560,50160
53100,2944,5596,1874,53100,56700
54900,2944,6422,1692,54900,58500
51300,2944,9877,260,51300,54900
63000,2944,4807,2832,63000,66600
49500,2944,2844,880,49500,53100
57600,2944,11904,2444,57600,61200
35340,2998,2944,965,35340,38940
42300,2944,10105,1048,42300,45900
47400,8024,2944,2459,47400,51000
32400,2944,10077,1174,32400,36000
57600,2944,3031,1560,57600,61200
31680,10053,2944,863,31680,35280
60300,2944,4862,2776,60300,63900
36900,2944,11768,2376,36900,40500
27240,10119,2944,457,27240,30840
27240,10119,2944,463,27240,30840
52260,4091,2944,2273,52260,55860
54300,4862,2944,2783,54300,57900
52200,2944,4085,2154,52200,55800
54900,2944,2944,382,54900,58500
33540,6828,2944,927,33540,37140
43200,2944,10750,1126,43200,46800
38700,2944,9933,756,38700,42300
35100,2944,3013,1392,35100,38700
49920,4149,2944,2135,49920,53520
29040,3015,2944,1463,29040,32640
35100,2944,4854,2788,35100,38700
44520,5130,2944,3005,44520,48120
36900,2944,10053,858,36900,40500
52260,3171,2944,1845,52260,55860
30240,3988,2944,2035,30240,33840
21360,8663,2944,2933,21360,24960
56520,11902,2944,2411,56520,60120
48600,2944,11758,2338,48600,52200
35340,2998,2944,963,35340,38940
57720,6323,2944,1767,57720,61320
28140,11009,2944,543,28140,31740
45180,5118,2944,2945,45180,48780
55800,2944,4078,2242,55800,59400
49380,10742,2944,1237,49380,52980
55800,2944,10601,2636,55800,59400
38340,6789,2944,1831,38340,41940
49680,10941,2944,2473,49680,53280
32400,2944,5938,950,32400,36000
46680,8031,2944,2497,46680,50280
36900,2944,10085,1222,36900,40500
51300,2944,5118,2956,51300,54900
57720,6323,2944,1777,57720,61320
39900,3014,2944,1351,39900,43500
50400,2944,10442,2472,50400,54000
55800,2944,4078,2230,55800,59400
47760,5937,2944,991,47760,51360
62100,2944,3028,436,62100,65700
53100,2944,5937,1000,53100,56700
45000,2944,10907,238,45000,48600
46800,2944,5574,2726,46800,50400
45900,2944,9638,110,45900,49500
62100,2944,9939,782,62100,65700
58500,2944,7003,2100,58500,62100
63900,2944,11221,164,63900,67500
45360,8812,2944,289,45360,48960
28260,9872,2944,253,28260,31860
57900,5087,2944,2959,57900,61500
52620,7003,2944,2103,52620,56220
44100,2944,4906,2806,44100,47700
62100,2944,9939,768,62100,65700
62100,2944,9939,788,62100,65700
39900,3014,2944,1361,39900,43500
44100,2944,3022,832,44100,47700
31740,4645,2944,2581,31740,35340
37920,10838,2944,1197,37920,41520
34200,2944,3015,1466,34200,37800
57600,2944,11852,2384,57600,61200
35100,2944,4967,2908,35100,38700
57720,6323,2944,1785,57720,61320
31740,10085,2944,1217,31740,35340
52380,3031,2944,1557,52380,55980
36900,2944,10068,1300,36900,40500
43200,2944,4858,2824,43200,46800
32400,2944,10119,462,32400,36000
54900,2944,2950,1594,54900,58500
40500,2944,3009,1512,40500,44100
57600,2944,7262,158,57600,61200
38700,2944,6828,904,38700,42300
51300,2944,10231,2006,51300,54900
52260,3171,2944,1847,52260,55860
45900,2944,10054,678,45900,49500
62100,2944,8129,2588,62100,65700
54720,12559,2944,2415,54720,58320
38460,10907,2944,239,38460,42060
46800,2944,2837,882,46800,50400
35100,2944,4854,2790,35100,38700
45000,2944,10907,244,45000,48600
39960,9574,2944,101,39960,43560
62100,2944,11298,316,62100,65700
38700,2944,6828,912,38700,42300
43200,2944,10750,1098,43200,46800
60300,2944,5084,3064,60300,63900
40500,2944,2998,980,40500,44100
51300,2944,9877,262,51300,54900
54720,10361,2944,2341,54720,58320
54900,2944,6422,1728,54900,58500
33300,2944,7369,196,33300,36900
40620,5574,2944,2729,40620,44220
49500,2944,5119,3048,49500,53100
41700,3164,2944,1823,41700,45300
42300,2944,9815,180,42300,45900
49740,2950,2944,1601,49740,53340
61200,2944,11912,2368,61200,64800
63000,2944,6323,1784,63000,66600
36900,2944,10129,1420,36900,40500
54600,3007,2944,341,54600,58200
43200,2944,10859,2628,43200,46800
42780,9175,2944,1877,42780,46380
33540,9933,2944,749,33540,37140
32400,2944,10077,1178,32400,36000
31680,9912,2944,663,31680,35280
37080,10047,2944,481,37080,40680
62100,2944,9939,804,62100,65700
45780,4085,2944,2185,45780,49380
35100,2944,4854,2794,35100,38700
31320,10129,2944,1413,31320,34920
36960,6628,2944,2487,36960,40560
33300,2944,11009,550,33300,36900
53460,4894,2944,2747,53460,57060
62100,2944,9939,784,62100,65700
46800,2944,5047,2978,46800,50400
40500,2944,3354,1978,40500,44100
33540,9933,2944,743,33540,37140
32880,8008,2944,2467,32880,36480
63000,2944,6323,1792,63000,66600
60300,2944,4571,2520,60300,63900
48600,2944,3164,1826,48600,52200
51300,2944,10231,2004,51300,54900
53100,2944,4917,2818,53100,56700
52200,2944,4085,2168,52200,55800
31680,5712,2944,1069,31680,35280
56700,2944,9835,248,56700,60300
41400,2944,10365,2388,41400,45000
49740,2950,2944,1573,49740,53340
60300,2944,4862,2780,60300,63900
38760,10011,2944,627,38760,42360
59400,2944,3007,348,59400,63000
35280,11276,2944,279,35280,38880
46200,5596,2944,1873,46200,49800
34680,7898,2944,2331,34680,38280
54900,2944,10011,656,54900,58500
37800,2944,5130,3022,37800,41400
39900,3014,2944,1323,39900,43500
33300,12147,2944,2683,33300,36900
42720,10660,2944,2645,42720,46320
58500,2944,7003,2096,58500,62100
63000,2944,6323,1796,63000,66600
61200,2944,3148,1818,61200,64800
43800,10231,2944,2003,43800,47400
32400,2944,10119,446,32400,36000
44100,2944,10011,618,44100,47700
62100,2944,9947,1296,62100,65700
52500,3139,2944,1861,52500,56100
50400,2944,10660,2648,50400,54000
55800,2944,4078,2224,55800,59400
42300,2944,4923,2896,42300,45900
38880,3022,2944,845,38880,42480
38640,10584,2944,2609,38640,42240
33300,2944,11009,548,33300,36900
51600,6318,2944,1863,51600,55200
39900,3014,2944,1365,39900,43500
50400,2944,5130,2996,50400,54000
51300,2944,9877,264,51300,54900
34860,10069,2944,1317,34860,38460
61200,2944,11863,2404,61200,64800
62100,2944,12559,2414,62100,65700
59400,2944,3007,354,59400,63000
40500,2944,2998,966,40500,44100
55500,9874,2944,209,55500,59100
36900,2944,7033,614,36900,40500
37980,10750,2944,1101,37980,41580
38160,6606,2944,2211,38160,41760
54900,2944,2950,1578,54900,58500
45000,2944,4189,2054,45000,48600
52200,2944,10228,1968,52200,55800
59400,2944,3171,1840,59400,63000
36300,3236,2944,1821,36300,39900
39600,2944,9495,58,39600,43200
56700,2944,10017,1208,56700,60300
44100,2944,3022,812,44100,47700
50040,4078,2944,2241,50040,53640
33300,2944,11009,562,33300,36900
52620,7003,2944,2093,52620,56220
32400,2944,10773,230,32400,36000
48600,2944,10542,2564,48600,52200
22740,12802,2944,1809,22740,26340
52260,4091,2944,2277,52260,55860
28140,11009,2944,539,28140,31740
52200,2944,3130,1872,52200,55800
32340,9947,2944,1135,32340,35940
37800,2944,4814,2858,37800,41400
54060,5084,2944,3061,54060,57660
42720,10660,2944,2653,42720,46320
43200,2944,10750,1114,43200,46800
45900,2944,10054,708,45900,49500
57360,3028,2944,425,57360,60960
38700,2944,10756,70,38700,42300
36900,2944,7842,2300,36900,40500
44100,2944,6628,2496,44100,47700
54900,2944,10011,648,54900,58500
63000,2944,6323,1772,63000,66600
44100,2944,6628,2488,44100,47700
47760,5937,2944,999,47760,51360
60300,2944,10129,1426,60300,63900
55800,2944,10601,2638,55800,59400
37980,10750,2944,1129,37980,41580
60300,2944,10129,1422,60300,63900
38760,10011,2944,621,38760,42360
32580,6465,2944,1645,32580,36180
49380,10742,2944,1265,49380,52980
51240,12206,2944,2935,51240,54840
31680,5712,2944,1091,31680,35280
44520,5130,2944,2997,44520,48120
52200,2944,4085,2162,52200,55800
35160,8863,2944,1949,35160,38760
40620,5574,2944,2723,40620,44220
54540,12113,2944,2685,54540,58140
47700,2944,11276,280,47700,51300
62100,2944,9947,1290,62100,65700
54900,2944,2950,1584,54900,58500
49740,2950,2944,1585,49740,53340
53100,2944,5937,1004,53100,56700
34320,2980,2944,1019,34320,37920
28860,2967,2944,1733,28860,32460
33300,2944,11009,554,33300,36900
38880,3022,2944,835,38880,42480
54900,2944,10011,658,54900,58500
48240,6832,2944,597,48240,51840
37320,4906,2944,2805,37320,40920
56940,9939,2944,803,56940,60540
52200,2944,4085,2184,52200,55800
60300,2944,6958,3050,60300,63900
52200,2944,4085,2172,52200,55800
54300,4862,2944,2779,54300,57900
46320,2911,2944,441,46320,49920
33960,3008,2944,509,33960,37560
48660,9596,2944,77,48660,52260
34680,7898,2944,2329,34680,38280
45000,2944,4189,2072,45000,48600
54900,2944,10011,650,54900,58500
30960,5740,2944,523,30960,34560
52380,3031,2944,1565,52380,55980
37980,10750,2944,1103,37980,41580
57720,6323,2944,1787,57720,61320
49680,10011,2944,655,49680,53280
36900,2944,10462,2470,36900,40500
32580,6465,2944,1621,32580,36180
54900,2944,10742,1262,54900,58500
35340,2998,2944,977,35340,38940
34200,2944,2967,1736,34200,37800
38760,10011,2944,631,38760,42360
39900,3014,2944,1339,39900,43500
54900,2944,2950,1588,54900,58500
28860,2967,2944,1757,28860,32460
30000,10060,2944,483,30000,33600
44100,2944,6606,2204,44100,47700
39900,3014,2944,1363,39900,43500
51300,2944,4780,2620,51300,54900
37800,2944,9947,1152,37800,41400
46320,2911,2944,439,46320,49920
55800,2944,4149,2132,55800,59400
40500,2944,2998,970,40500,44100
38700,2944,10092,1804,38700,42300
40620,3308,2944,1919,40620,44220
31440,10703,2944,2693,31440,35040
31680,10053,2944,857,31680,35280
39420,4189,2944,2067,39420,43020
39900,7277,2944,167,39900,43500
36000,2944,9491,60,36000,39600
36900,2944,7033,612,36900,40500
28140,11009,2944,531,28140,31740
63000,2944,6323,1794,63000,66600
56700,2944,10862,50,56700,60300
52380,3031,2944,1559,52380,55980
32940,11936,2944,2623,32940,36540
31680,10053,2944,859,31680,35280
52260,4091,2944,2259,52260,55860
48240,10862,2944,49,48240,51840
40500,2944,10066,720,40500,44100
46560,8048,2944,2507,46560,50160
36660,8159,2944,2591,36660,40260
34440,7849,2944,2297,34440,38040
27120,10088,2944,1227,27120,30720
38760,10011,2944,633,38760,42360
39900,3014,2944,1367,39900,43500
33300,2944,6968,1672,33300,36900
45780,4085,2944,2175,45780,49380
36900,2944,5712,1074,36900,40500
39900,3014,2944,1357,39900,43500
37800,2944,4814,2856,37800,41400
50040,4078,2944,2231,50040,53640
42300,2944,10105,1054,42300,45900
34200,2944,2967,1748,34200,37800
45780,4085,2944,2189,45780,49380
63900,2944,12113,2688,63900,67500
30960,7459,2944,1903,30960,34560
61200,2944,9907,298,61200,64800
54900,2944,10742,1254,54900,58500
45000,2944,3014,1358,45000,48600
35340,2998,2944,959,35340,38940
28860,2967,2944,1755,28860,32460
39420,9947,2944,1273,39420,43020
59400,2944,3007,350,59400,63000
62100,2944,3058,1838,62100,65700
54900,2944,10011,644,54900,58500
35100,2944,3013,1376,35100,38700
37680,12580,2944,2457,37680,41280
43800,10231,2944,2009,43800,47400
29580,6535,2944,2885,29580,33180
36900,2944,5712,1092,36900,40500
44100,2944,4906,2804,44100,47700
25680,3303,2944,1923,25680,29280
54000,2944,11849,2426,54000,57600
48720,10340,2944,2361,48720,52320
54900,2944,2950,1614,54900,58500
56940,9939,2944,787,56940,60540
32880,5910,2944,2753,32880,36480
27720,9309,2944,141,27720,31320
56940,9939,2944,789,56940,60540
37800,2944,6465,1624,37800,41400
45000,2944,4189,2078,45000,48600
35220,10066,2944,715,35220,38820
33000,11429,2944,2023,33000,36600
32580,6465,2944,1617,32580,36180
40500,2944,3009,1510,40500,44100
40500,2944,3019,1476,40500,44100
38760,10011,2944,619,38760,42360
28560,2947,2944,407,28560,32160
52200,2944,3130,1870,52200,55800
51540,10017,2944,1211,51540,55140
37800,2944,4814,2852,37800,41400
57600,2944,3031,1534,57600,61200
33300,2944,6968,1676,33300,36900
35100,2944,10060,498,35100,38700
54600,3007,2944,343,54600,58200
45000,2944,4189,2080,45000,48600
42720,10328,2944,2317,42720,46320
56940,9939,2944,783,56940,60540
57600,2944,3031,1538,57600,61200
61200,2944,9907,304,61200,64800
28860,2967,2944,1741,28860,32460
31680,9912,2944,665,31680,35280
54900,2944,6422,1710,54900,58500
60300,2944,4175,2258,60300,63900
59400,2944,4894,2740,59400,63000
28440,10092,2944,1805,28440,32040
48660,9596,2944,85,48660,52260
52260,4091,2944,2287,52260,55860
32400,2944,5938,942,32400,36000
40500,2944,2998,962,40500,44100
44100,2944,3022,842,44100,47700
35100,2944,3013,1400,35100,38700
32280,11880,2944,2429,32280,35880
31740,10085,2944,1223,31740,35340
63000,2944,6323,1790,63000,66600
23460,9986,2944,291,23460,27060
45000,2944,4189,2046,45000,48600
26940,10077,2944,1175,26940,30540
52680,6858,2944,605,52680,56280
59400,2944,4894,2750,59400,63000
33540,6828,2944,917,33540,37140
35100,2944,3013,1412,35100,38700
49620,6422,2944,1717,49620,53220
43200,2944,10750,1100,43200,46800
31680,5712,2944,1089,31680,35280
62100,2944,10361,2340,62100,65700
45000,2944,3014,1360,45000,48600
44100,2944,3022,822,44100,47700
59400,2944,4872,2810,59400,63000
47760,5937,2944,1001,47760,51360
29580,6535,2944,2887,29580,33180
31860,2379,2944,19,31860,35460
58500,2944,7003,2094,58500,62100
58500,2944,7003,2112,58500,62100
42780,5119,2944,3037,42780,46380
40500,2944,10069,1318,40500,44100
61200,2944,11863,2410,61200,64800
40500,2944,3019,1504,40500,44100
57900,5087,2944,2961,57900,61500
63000,2944,3105,1816,63000,66600
45000,2944,4189,2064,45000,48600
44100,2944,6628,2494,44100,47700
45780,4085,2944,2165,45780,49380
51060,3007,2944,361,51060,54660
59400,2944,4868,2708,59400,63000
41400,2944,10232,1980,41400,45000
37800,2944,6465,1652,37800,41400
49920,4149,2944,2139,49920,53520
55800,2944,4149,2122,55800,59400
54600,3007,2944,345,54600,58200
47760,5937,2944,987,47760,51360
39900,3014,2944,1331,39900,43500
59400,2944,4894,2746,59400,63000
29820,3013,2944,1393,29820,33420
50040,4078,2944,2227,50040,53640
32340,9947,2944,1147,32340,35940
52620,7003,2944,2109,52620,56220
54900,2944,9596,86,54900,58500
47700,10523,2944,2537,47700,51300
31680,9912,2944,669,31680,35280
34320,2980,2944,1015,34320,37920
42780,9601,2944,129,42780,46380
47460,11395,2944,1965,47460,51060
56700,2944,10017,1214,56700,60300
38700,2944,6828,892,38700,42300
40500,2944,7460,1910,40500,44100
61200,2944,9907,308,61200,64800
54900,2944,2944,384,54900,58500
24840,8532,2944,2915,24840,28440
37920,10838,2944,1193,37920,41520
57360,3028,2944,427,57360,60960
30000,10060,2944,495,30000,33600
41400,2944,10232,1984,41400,45000
58500,2944,10469,2484,58500,62100
60300,2944,4175,2246,60300,63900
45000,2944,3014,1322,45000,48600
49740,2950,2944,1603,49740,53340
43200,2944,9863,276,43200,46800
35100,2944,10060,490,35100,38700
45780,4917,2944,2821,45780,49380
40620,10054,2944,691,40620,44220
24300,11431,2944,2031,24300,27900
56700,2944,10017,1212,56700,60300
45000,2944,4951,2874,45000,48600
44520,5130,2944,2999,44520,48120
31560,4814,2944,2857,31560,35160
31680,5712,2944,1059,31680,35280
37740,10948,2944,119,37740,41340
34320,2980,2944,1025,34320,37920
38700,2944,5910,2762,38700,42300
44100,2944,11246,282,44100,47700
51300,2944,5118,2948,51300,54900
45780,4917,2944,2813,45780,49380
35340,2998,2944,969,35340,38940
46920,8518,2944,2919,46920,50520
48720,10340,2944,2345,48720,52320
54300,6958,2944,3051,54300,57900
50400,2944,3653,2038,50400,54000
52680,9907,2944,305,52680,56280
31860,5130,2944,3019,31860,35460
37800,2944,10051,1430,37800,41400
49740,2950,2944,1589,49740,53340
58500,2944,4091,2288,58500,62100
53400,4872,2944,2807,53400,57000
33300,2944,3042,576,33300,36900
16200,11386,2944,1963,16200,19800
29640,4789,2944,2629,29640,33240
55800,2944,12127,2682,55800,59400
50040,4078,2944,2235,50040,53640
49920,4149,2944,2131,49920,53520
44100,2944,3022,844,44100,47700
30840,5384,2944,2911,30840,34440
43200,2944,9863,270,43200,46800
44100,2944,10011,630,44100,47700
39600,2944,2980,1034,39600,43200
22200,7417,2944,287,22200,25800
58500,2944,4091,2260,58500,62100
52680,9907,2944,301,52680,56280
54840,10129,2944,1423,54840,58440
42300,2944,12367,2640,42300,45900
35100,2944,3013,1386,35100,38700
61200,2944,2529,66,61200,64800
52260,4091,2944,2269,52260,55860
33540,6828,2944,891,33540,37140
57600,2944,3031,1568,57600,61200
52200,2944,4085,2152,52200,55800
54060,3148,2944,1819,54060,57660
56520,9947,2944,1289,56520,60120
43740,9864,2944,231,43740,47340
35100,2944,10060,504,35100,38700
39420,9947,2944,1279,39420,43020
60300,2944,10129,1424,60300,63900
34200,2944,2967,1742,34200,37800
32580,6465,2944,1651,32580,36180
47760,5937,2944,1005,47760,51360
38880,3022,2944,837,38880,42480
37800,2944,6465,1622,37800,41400
50400,2944,2944,375,50400,54000
39900,3014,2944,1321,39900,43500
52200,2944,4085,2158,52200,55800
36780,9192,2944,2323,36780,40380
35460,11856,2944,2379,35460,39060
58500,2944,7003,2118,58500,62100
38700,2944,9933,752,38700,42300
54900,2944,9596,100,54900,58500
46800,2944,11831,2398,46800,50400
31680,10053,2944,867,31680,35280
33540,6828,2944,911,33540,37140
35100,2944,3013,1394,35100,38700
52200,2944,2848,530,52200,55800
49680,10011,2944,637,49680,53280
57600,2944,9811,186,57600,61200
54900,2944,10742,1256,54900,58500
44520,5130,2944,3003,44520,48120
38700,2944,6828,932,38700,42300
29040,3015,2944,1455,29040,32640
54900,2944,10340,2346,54900,58500
43320,4780,2944,2621,43320,46920
61200,2944,11861,2452,61200,64800
52620,7003,2944,2115,52620,56220
57600,2944,6858,608,57600,61200
59400,2944,4872,2808,59400,63000
45000,2944,7225,152,45000,48600
34380,4923,2944,2893,34380,37980
38160,6606,2944,2191,38160,41760
38700,2944,9933,732,38700,42300
29820,3013,2944,1411,29820,33420
54900,2944,6422,1682,54900,58500
29220,4854,2944,2789,29220,32820
38700,2944,2379,24,38700,42300
34200,2944,2967,1746,34200,37800
26220,9674,2944,159,26220,29820
36900,2944,10053,862,36900,40500
33540,6828,2944,903,33540,37140
35160,3009,2944,1507,35160,38760
27120,10088,2944,1231,27120,30720
36000,2944,12473,2304,36000,39600
27240,10119,2944,445,27240,30840
50400,2944,5130,3000,50400,54000
33540,9933,2944,755,33540,37140
38700,2944,6828,924,38700,42300
42780,5119,2944,3035,42780,46380
54900,2944,6603,2150,54900,58500
62100,2944,11298,312,62100,65700
28140,11009,2944,549,28140,31740
52200,2944,4085,2176,52200,55800
52380,3031,2944,1533,52380,55980
52680,9907,2944,307,52680,56280
36000,2944,7417,288,36000,39600
40620,10054,2944,695,40620,44220
53640,11298,2944,309,53640,57240
30240,11768,2944,2371,30240,33840
38700,2944,9933,750,38700,42300
35160,3009,2944,1511,35160,38760
40500,2944,10069,1310,40500,44100
28860,2967,2944,1743,28860,32460
33540,6828,2944,909,33540,37140
52200,2944,10228,1972,52200,55800
32280,11880,2944,2431,32280,35880
39900,3014,2944,1353,39900,43500
48600,2944,10540,2548,48600,52200
35340,2998,2944,971,35340,38940
50400,2944,2375,14,50400,54000
36900,2944,10053,874,36900,40500
38880,3022,2944,809,38880,42480
46440,10601,2944,2635,46440,50040
54540,5602,2944,515,54540,58140
44520,8025,2944,2465,44520,48120
33300,2944,2947,410,33300,36900
37200,3047,2944,1437,37200,40800
52200,2944,11933,2310,52200,55800
54900,2944,6603,2148,54900,58500
35100,2944,3013,1382,35100,38700
43740,10228,2944,1967,43740,47340
35280,3019,2944,1495,35280,38880
50400,2944,2944,383,50400,54000
63900,2944,5087,2962,63900,67500
57900,5087,2944,2971,57900,61500
29820,3013,2944,1399,29820,33420
43200,2944,637,1948,43200,46800
60300,2944,10129,1428,60300,63900
28140,11009,2944,553,28140,31740
35580,9849,2944,223,35580,39180
37980,10750,2944,1097,37980,41580
48720,9215,2944,2655,48720,52320
43440,2375,2944,9,43440,47040
57600,2944,3031,1554,57600,61200
38520,11293,2944,317,38520,42120
62100,2944,3028,428,62100,65700
35100,2944,3013,1406,35100,38700
46800,2944,9574,106,46800,50400
34200,2944,3015,1458,34200,37800
43800,7264,2944,143,43800,47400
45000,2944,10948,122,45000,48600
54000,2944,11849,2422,54000,57600
48840,8895,2944,2927,48840,52440
43200,2944,10838,1190,43200,46800
63900,2944,10231,1994,63900,67500
48720,9215,2944,2657,48720,52320
39840,10572,2944,2575,39840,43440
45900,2944,9638,116,45900,49500
36000,2944,6535,2878,36000,39600
39900,3014,2944,1337,39900,43500
37320,4906,2944,2803,37320,40920
31560,4814,2944,2859,31560,35160
31860,5130,2944,3011,31860,35460
43320,4780,2944,2617,43320,46920
49500,2944,9175,1886,49500,53100
31680,9912,2944,673,31680,35280
40500,2944,3009,1508,40500,44100
54900,2944,6422,1714,54900,58500
41400,2944,5899,592,41400,45000
35280,3019,2944,1477,35280,38880
33540,6828,2944,889,33540,37140
52260,3171,2944,1843,52260,55860
37800,2944,4814,2848,37800,41400
52200,2944,4085,2164,52200,55800
36000,2944,9849,214,36000,39600
56940,9939,2944,779,56940,60540
28860,2967,2944,1753,28860,32460
56940,9939,2944,801,56940,60540
42300,2944,10914,2534,42300,45900
51300,2944,5118,2958,51300,54900
54900,2944,2950,1602,54900,58500
43200,2944,7898,2334,43200,46800
40620,5574,2944,2721,40620,44220
54300,4862,2944,2771,54300,57900
43200,2944,9863,274,43200,46800
38700,2944,10756,72,38700,42300
42780,9175,2944,1879,42780,46380
36900,2944,5712,1088,36900,40500
50400,2944,2944,395,50400,54000
41400,2944,5899,584,41400,45000
45780,4085,2944,2171,45780,49380
53400,4868,2944,2711,53400,57000
30000,10060,2944,501,30000,33600
39420,4189,2944,2079,39420,43020
58500,2944,4091,2272,58500,62100
49500,2944,5119,3044,49500,53100
63000,2944,4807,2834,63000,66600
33000,7460,2944,1911,33000,36600
54900,2944,10742,1260,54900,58500
49620,6422,2944,1691,49620,53220
45000,2944,6789,1830,45000,48600
62100,2944,9874,206,62100,65700
38700,2944,9933,734,38700,42300
49740,2950,2944,1599,49740,53340
47280,2848,2944,527,47280,50880
29040,3015,2944,1449,29040,32640
33540,6828,2944,899,33540,37140
54900,2944,2944,378,54900,58500
63000,2944,3105,1814,63000,66600
53460,4894,2944,2741,53460,57060
36960,6628,2944,2491,36960,40560
50400,2944,2944,387,50400,54000
35460,7343,2944,199,35460,39060
36540,10105,2944,1051,36540,40140
36600,5899,2944,591,36600,40200
40500,2944,6832,520,40500,44100
45000,2944,4189,2068,45000,48600
58500,2944,7003,2088,58500,62100
62100,2944,3028,430,62100,65700
36900,2944,5712,1084,36900,40500
62100,2944,9874,208,62100,65700
35100,2944,10060,492,35100,38700
29820,3013,2944,1407,29820,33420
63900,2944,5087,2974,63900,67500
56940,9939,2944,793,56940,60540
48600,2944,10542,2568,48600,52200
37920,10838,2944,1187,37920,41520
43200,2944,10838,1186,43200,46800
59400,2944,3171,1850,59400,63000
36900,2944,10129,1414,36900,40500
43320,4780,2944,2619,43320,46920
54900,2944,9596,84,54900,58500
35100,2944,11818,2420,35100,38700
52260,4091,2944,2275,52260,55860
31860,2379,2944,21,31860,35460
34200,2944,3015,1452,34200,37800
32580,6465,2944,1641,32580,36180
25740,4199,2944,2033,25740,29340
59400,2944,4894,2752,59400,63000
35100,2944,11431,2032,35100,38700
40500,2944,2998,974,40500,44100
31560,4814,2944,2851,31560,35160
51300,2944,2978,884,51300,54900
37980,10750,2944,1099,37980,41580
49020,7262,2944,157,49020,52620
48600,2944,10528,2542,48600,52200
33540,6828,2944,887,33540,37140
54060,5084,2944,3063,54060,57660
27540,6968,2944,1675,27540,31140
42300,2944,10914,2532,42300,45900
25920,10664,2944,2669,25920,29520
45900,2944,8159,2590,45900,49500
40620,3308,2944,1917,40620,44220
54900,2944,6422,1690,54900,58500
53400,4868,2944,2707,53400,57000
27240,10119,2944,459,27240,30840
53100,2944,4917,2822,53100,56700
48660,9596,2944,79,48660,52260
46800,2944,5047,2976,46800,50400
36540,10105,2944,1057,36540,40140
33540,6828,2944,907,33540,37140
45000,2944,4189,2074,45000,48600
52260,4091,2944,2263,52260,55860
32880,5910,2944,2755,32880,36480
50400,2944,2944,381,50400,54000
32400,2944,5938,948,32400,36000
43380,10121,2944,1799,43380,46980
39420,4189,2944,2055,39420,43020
40500,2944,10066,716,40500,44100
51300,2944,10231,2008,51300,54900
40620,10054,2944,687,40620,44220
51300,2944,4780,2622,51300,54900
62100,2944,9947,1294,62100,65700
61200,2944,9907,306,61200,64800
62100,2944,9874,210,62100,65700
52380,3031,2944,1563,52380,55980
58500,2944,4091,2270,58500,62100
49500,2944,5119,3040,49500,53100
45780,4085,2944,2169,45780,49380
38700,2944,6828,886,38700,42300
58500,2944,4091,2276,58500,62100
38700,2944,6828,918,38700,42300
40500,7580,2944,1961,40500,44100
28860,2967,2944,1745,28860,32460
39600,2944,7368,192,39600,43200
62100,2944,3058,1836,62100,65700
45000,2944,4189,2084,45000,48600
54900,2944,10742,1266,54900,58500
35100,2944,10060,484,35100,38700
38700,2944,6828,916,38700,42300
58500,2944,9215,2656,58500,62100
42300,2944,11265,278,42300,45900
47760,5937,2944,989,47760,51360
57720,6323,2944,1779,57720,61320
34020,10232,2944,1989,34020,37620
49620,6422,2944,1711,49620,53220
33300,2944,3042,572,33300,36900
37800,2944,10051,1436,37800,41400
53100,2944,5937,994,53100,56700
40500,2944,3019,1478,40500,44100
35280,3019,2944,1475,35280,38880
41400,2944,5899,586,41400,45000
54420,4175,2944,2255,54420,58020
60300,2944,5084,3058,60300,63900
45000,2944,3014,1350,45000,48600
53100,2944,5937,1008,53100,56700
40620,10054,2944,675,40620,44220
63000,2944,6323,1778,63000,66600
36900,2944,10053,856,36900,40500
32400,2944,10119,448,32400,36000
38460,4951,2944,2869,38460,42060
40500,2944,12245,2942,40500,44100
51900,12514,2944,2441,51900,55500
40860,11933,2944,2309,40860,44460
46800,2944,5574,2734,46800,50400
31860,5130,2944,3015,31860,35460
44100,2944,11340,1808,44100,47700
46800,2944,4965,2902,46800,50400
54900,2944,10742,1248,54900,58500
49860,11289,2944,295,49860,53460
36600,5899,2944,589,36600,40200
62100,2944,9947,1282,62100,65700
35280,3019,2944,1499,35280,38880
58500,2944,3435,2014,58500,62100
39840,11831,2944,2395,39840,43440
35280,3019,2944,1503,35280,38880
25680,12473,2944,2303,25680,29280
36900,2944,10129,1418,36900,40500
62100,2944,3028,426,62100,65700
28140,11009,2944,535,28140,31740
36540,10105,2944,1055,36540,40140
52620,7003,2944,2099,52620,56220
49500,2944,5119,3034,49500,53100
21960,11040,2944,2291,21960,25560
42780,9601,2944,133,42780,46380
34200,2944,3303,1928,34200,37800
49500,2944,3308,1916,49500,53100
62100,2944,3028,422,62100,65700
53400,4868,2944,2717,53400,57000
52620,7003,2944,2085,52620,56220
32580,6465,2944,1657,32580,36180
39900,3014,2944,1369,39900,43500
28140,11009,2944,557,28140,31740
45180,5118,2944,2949,45180,48780
57600,2944,3031,1564,57600,61200
59400,2944,4894,2738,59400,63000
28440,3042,2944,571,28440,32040
54600,3007,2944,353,54600,58200
54900,2944,9596,92,54900,58500
54060,5084,2944,3059,54060,57660
36660,8159,2944,2589,36660,40260
26940,10077,2944,1171,26940,30540
52380,3031,2944,1567,52380,55980
62100,2944,9947,1286,62100,65700
57720,6323,2944,1789,57720,61320
54900,2944,2950,1576,54900,58500
49500,2944,9175,1892,49500,53100
52380,3031,2944,1555,52380,55980
45900,2944,10054,698,45900,49500
52800,10522,2944,2561,52800,56400
54600,3007,2944,349,54600,58200
32580,6465,2944,1643,32580,36180
39840,11831,2944,2397,39840,43440
49020,10469,2944,2483,49020,52620
38160,6606,2944,2217,38160,41760
37800,2944,9947,1138,37800,41400
42780,9175,2944,1887,42780,46380
31860,5130,2944,3021,31860,35460
37800,2944,4949,2898,37800,41400
36000,2944,6535,2882,36000,39600
45000,2944,3014,1340,45000,48600
48600,2944,10528,2544,48600,52200
32400,2944,10119,454,32400,36000
